еПИТЕКЕъО - сВГЛАТИСЛЭР,йАТГЦОЯъА,аМТАПОЙЯИТчР,аЯИХЛЭР йКчСЕЫР,
цееха - цес,упеха,сц амуеха,1-1611003,
цееха - цес,упеха,сц ужеха,1-1611005,
цееха - цес,цееха,а/цееха,1-1601000,
цееха - цес,цееха,еца/цееха,1-1601003,
цееха - цес,цееха,у/цееха,1-1601006,
цееха - цес,цееха,ец упаявгцоу,1-1601600,
цееха - цес,цееха,епвгс/цееха,1-1601007,
цееха - цес,цееха,ец епвг,1-1601020,
цееха - цес,цееха,д/а╢йк (епивеиягсеым),1-1601301,
цееха - цес,цееха,д/ц╢ йк (упостгяингс),1-1601606,
цееха - цес,цееха,д/д╢ йк (стяатгцийгс йаи покитийгс),1-1601500,
цееха - цес,цееха,д/е╢ йк (стяат. пкгяожояиым),1-1601100,
цееха - цес,цееха,д/ст╢ йк (асжакеиас амтипкгяожояиым),1-1601220,
цееха - цес,цееха,д/ ╒╒д ╒╒ дее(диайкадийг дйсг еидийым еп/всеым),1-1601690,
цееха - цес,цееха,д/а1 (депив),1-1601300,
цееха - цес,цееха,д/а2 (дмсг епивеиягсиайгс сведиасгс),1-1601302,
цееха - цес,цееха,д/ц4 (дмсг епийоимымиым),1-1601605,
цееха - цес,цееха,д/е2 (диап),1-1601200,
цееха - цес,цееха,йевеий,1-1603009,
цееха - цес,цееха,аткас (отам емеяцопоиеитаи),1-1601329,
цееха - цес,цееха,ехйепив/веясаиес епивеиягсеис,1-1703029,
цееха - цес,цееха,ехйепив/тяевоусес пкгяожояиес,1-1703600,
цееха - цес,цееха,ехйепив/ддее,1-1703800,
цееха - цес,цееха,ехйепив / аихоуса гцесиас (амемеяцо),1-1603000,
цееха - цес,цееха,ехйепив / веясаиес епивеиягсеис (амемеяцо),1-1603300,
цееха - цес,цееха,ехйепив / сумтомистгс (амемеяцо),1-1603001,
цееха - цес,цееха,ехйепив / сумдеслос осепк (амемеяцо),1-1603600,
цееха - цес,цес,а/цес,1-1701000,
цееха - цес,цес,еца/цес,1-1701003,
цееха - цес,цес,упаявгцос цес,1-1701007,
цееха - цес,цес,епитекаявгс цес,1-1701006,
цееха - цес,цес,цепс-дидое,1-1701005,
цееха - цес,цес,цепс-дидое/дан/д,1-1701015,
цееха - цес,цес,дсе/тлгла 1О,1-1701011,
цееха - цес,цес,дсе/тлгла 2О,1-1701012,
цееха - цес,цес,а йкадос,1-1701022,
цееха - цес,цес,б йкадос,1-1701023,
цееха - цес,цес,ц йкадос,1-1701024,
цееха - цес,цес,д йкадос,1-1701026,
цееха - цес,цес,а3 (дипа),1-1701200,
цееха - цес,цес,а2 (дисвеа),1-1701500,
цееха - цес,цес,а1 (депив),1-1701300,
цееха - цес,цес,ц1 (дудл),1-1701400,
цееха - цес,цес,демдгс,1-1701900,
цееха - цес,цес,ддб,1-1701600,
цееха - цес,цес,дас,1-1701350,
цееха - цес,цес,дуп,1-1701430,
цееха - цес,цес,дтв,1-1701450,
цееха - цес,цес,дел,1-1701470,
цееха - цес,цес,ц2 (дуппе),1-1701410,
цееха - цес,цес,дидейп,1-1701700,
цееха - цес,цес,дох,1-1701100,
цееха - цес,цес,д2 (дасп),1-1701570,
цееха - цес,цес,д1 (доя),1-1701580,
цееха - цес,цес,аткас,1-1701329,
цееха - цес,цес,йепив/а цес,1-1703000,
цееха - цес,цес,йепив/сумтомистгс,1-1703001,
цееха - цес,цес,йепив/дипа,1-1703200,
цееха - цес,цес,йепив/хеатяо епивеиягсеым стяатиас,1-1703022,
цееха - цес,цес,йепив/ хеатяо епивеиягсеым стяатиас,1-1703023,
цееха - цес,цес,йепив/ хеатяо епивеиягсеым асдем,1-1703024,
цееха - цес,цес,йепив/ хеатяо епивеиягсеым асдем,1-1703026,
цееха - цес,цес,йепив/тй,1-1703028,
цееха - цес,цес,аихоуса сусйеьеым дупо,1-1703300,
цееха - цес,цес,аихоуса сусйеьеым дупо,1-1703301,
цееха - цес,цес,ддб-еп/удмтгс,1-1701660,
цееха - цес,цес,ддб-еп/2О цяажеио,1-1701670,
цееха - цес,цес,ддб-еп/3О цяажеио,1-1701610,
цееха - цес,цес,ддб-еп/2О цяажеио (г/п),1-1701640,
цееха - цес,цес,487 тдб/дйтгс,1-3748700,
цееха - цес,цес,487 тдб/SEP,1-7799000,
цееха - цес,цес,487 тдб/йкыбос ACCESS (FC),1-7761070,
цееха - цес,цес,жукайио паямгха,1-7760230,
цееха - цес,йепий,дйтгс,1-7148720,
цееха - цес,йепий,диавеияистгс асда пуясеиа,1-7148710,
цееха - цес,йепий,жан,1-7148781,
цееха - цес,йепий,DATA,1-7148782,
цееха - цес,йепий,DATA,1-7148783,
цееха - цес,йепий,DATA,1-7148784,
1Г стяатиа ,диоийгсг,дйтгс,1-1501011,
1Г стяатиа ,диоийгсг,удйтгс,1-1501012,
1Г стяатиа ,диоийгсг,дйтгс цяажеио,1-1501015,
1Г стяатиа ,диоийгсг,упаспистгс дйтоу,1-1501013,
1Г стяатиа ,диоийгсг,епвгс,1-1501021,
1Г стяатиа ,диоийгсг,упаспистгс епвг,1-1501023,
1Г стяатиа ,диоийгсг,д╢ай,1-1501024,
1Г стяатиа ,диоийгсг,д╢бй,1-1501025,
1Г стяатиа ,диоийгсг,ецд,1-1501240,
1Г стяатиа ,епитекеио,дипяо/ дмтгс,1-1501101,
1Г стяатиа ,епитекеио,дипяо/ тлгла пяосыпийоу,1-1501141,
1Г стяатиа ,епитекеио,дипяо/ цяаллатеиа,1-1501151,
1Г стяатиа ,епитекеио,дипкг / дмтгс,1-1501201,
1Г стяатиа ,епитекеио,дипкг / тлгла асжакеиас-амтипкгяожояиым,1-1501221,
1Г стяатиа ,епитекеио,дипкг / тлгла пкгяожояиым,1-1501231,
1Г стяатиа ,епитекеио,дисвед / дмтгс,1-1501301,
1Г стяатиа ,епитекеио,дисвед / тлгла сведиым,1-1501324,
1Г стяатиа ,епитекеио,дисвед / тлгла ояцамысгс,1-1501351,
1Г стяатиа ,епитекеио,дасейп / дмтгс,1-1501381,
1Г стяатиа ,епитекеио,дасейп / асйгсеис,1-1501391,
1Г стяатиа ,епитекеио,депив / дмтгс,1-1501328,
1Г стяатиа ,епитекеио,депив / тлгла тяевоусым,1-1501325,
1Г стяатиа ,епитекеио,дудл / дмтгс,1-1501401,
1Г стяатиа ,епитекеио,дудл / тлгла летажояым,1-1501454,
1Г стяатиа ,епитекеио,дудл / тлгла упостгяингс,1-1501455,
1Г стяатиа ,епитекеио,дудл / тлгла сведиым,1-1501464,
1Г стяатиа ,епитекеио,дудл / тлгла сведиым (тлглатаявгс),1-1501465,
1Г стяатиа ,епитекеио,тлгла дглосиым свесеым/дмтгс,1-1501121,
1Г стяатиа ,епитекеио,тлгла дглосиым свесеым/епивеиягсеым,1-1501161,
1Г стяатиа ,епитекеио,тлгла дгл. свесеым/псеа,1-1501181,
1Г стяатиа ,дйсеис - дмсеис - ця,дпб/дйтгс,1-1501541,
1Г стяатиа ,дйсеис - дмсеис - ця,дпб/епвгс,1-1501546,
1Г стяатиа ,дйсеис - дмсеис - ця,длв - дйтгс,1-1501551,
1Г стяатиа ,дйсеис - дмсеис - ця,длв - епвгс,1-1501552,
1Г стяатиа ,дйсеис - дмсеис - ця,длв - цсе,1-1501555,
1Г стяатиа ,дйсеис - дмсеис - ця,длв - 3о цяажеио,1-1501556,
1Г стяатиа ,дйсеис - дмсеис - ця,деп / дйтгс,1-1501561,
1Г стяатиа ,дйсеис - дмсеис - ця,деп / епвгс,1-1501562,
1Г стяатиа ,дйсеис - дмсеис - ця,деп / 1о тл,1-1501251,
1Г стяатиа ,дйсеис - дмсеис - ця,деп / 2о тл/гп,1-1501566,
1Г стяатиа ,дйсеис - дмсеис - ця,деп / 4о тл/дмтгс,1-1501568,
1Г стяатиа ,дйсеис - дмсеис - ця,дои / дмтгс,1-1501461,
1Г стяатиа ,дйсеис - дмсеис - ця,дек / дмтгс,1-1501431,
1Г стяатиа ,дйсеис - дмсеис - ця,1г стяатиа - цяаллатеиа етма - мато,1-1501002,
1Г стяатиа ,дйсеис - дмсеис - ця,1г стяатиа - сдеп,1-1501168,
1Г стяатиа ,дйсеис - дмсеис - ця,1г стяатиа - сдеп,1-1501910,
1Г стяатиа ,дйсеис - дмсеис - ця,1г стяатиа - сдеп / DVT,1-1501911,
1Г стяатиа ,дйсеис - дмсеис - ця,1г стяатиа - сдеп / DVT,1-1501912,
1Г стяатиа ,дйсеис - дмсеис - ця,1г стяатиа - сдеп,1-1501913,
1Г стяатиа ,дйсеис - дмсеис - ця,1г стяатиа - сдеп /дмтгс,1-1501041,
1Г стяатиа ,дйсеис - дмсеис - ця,1г стяатиа - аих. ваятым,1-1501111,
1Г стяатиа ,дйсеис - дмсеис - ця,1г стяатиа - аихоуса ваятым / дмтгс,1-1501109,
1Г стяатиа ,дйсеис - дмсеис - ця,1г стяатиа - лйе,1-1501347,
1Г стяатиа ,дйсеис - дмсеис - ця,1г стяатиа - лйе,1-1501348,
1Г стяатиа ,дйсеис - дмсеис - ця,1г стяатиа - лйе,1-1501344,
1Г стяатиа ,дйсеис - дмсеис - ця,цем. цяаллатеиа / дмтгс,1-1501001,
1Г стяатиа ,дйсеис - дмсеис - ця,цяаж. хягсй./дмтгс,1-1501131,
1Г стяатиа ,йемтяо епивеиягсеым,йепив / дмтгс,1-1501110,
1Г стяатиа ,йемтяо епивеиягсеым,дипяо /дмтгс (*),1-1501113,
1Г стяатиа ,йемтяо епивеиягсеым,дипкг / дмтгс (*),1-1501219,
1Г стяатиа ,йемтяо епивеиягсеым,депив / дмтгс (*),1-1501319,
1Г стяатиа ,йемтяо епивеиягсеым,дудл / дмтгс (*),1-1501419,
1Г стяатиа ,йемтяо епивеиягсеым,дпб дйтгс (*),1-1501549,
1Г стяатиа ,йемтяо епивеиягсеым,длв дйтгс (*),1-1501559,
1Г стяатиа ,йемтяо епивеиягсеым,деп йсегп (*),1-1501251,
1Г стяатиа ,йемтяо епивеиягсеым,деп / дйтгс (*),1-1501569,
1Г стяатиа ,йемтяо епивеиягсеым,дпб / йспу (*),1-1501342,
1Г стяатиа ,йемтяо епивеиягсеым,лйе / аих. епив (*),1-1501340,
1Г стяатиа ,йепий,дйтгс,1-1501701,
1Г стяатиа ,йепий,йепий т/п,1-1501782,
1Г стяатиа ,йепий,йепий т/п,1-1501783,
1Г стяатиа ,йепий,йепий т/п - DVT,1-1501780,
1Г стяатиа ,йепий,йепий т/п - DVT,1-1501781,
1Г стяатиа ,йепий,йепий жан,1-1501790,
1Г стяатиа ,йепий,йепий тлгла сглатым,1-1501704,
1Г стяатиа ,коипа,лйе / йепий (а),1-1501341,
1Г стяатиа ,коипа,немымас амытатым,1-1501512,
1Г стяатиа ,коипа,ехмийо епитекеио (туямабос),1-1221010,
1Г стяатиа ,коипа,оийиа стцоу,1-1501511,
1Г стяатиа ,коипа,еписйептгс стцоу,1-1500622,
1Г стяатиа ,коипа,485 тдб / 3ос ковос / еялгс,1-5648504,
1Г стяатиа ,коипа,485 тдб / дйтгс,1-5648501,
1Г стяатиа ,коипа,485 тдб / упдйтгс,1-5648502,
1Г стяатиа ,коипа,485 тдб / йемтяо кгьеым,1-7760011,
1Г стяатиа ,коипа,йкыбос SWITCH,1-7711010,
1Г стяатиа ,коипа,йкыбос OSC,1-7719010,
1Г стяатиа ,коипа,Kкыбос SEP,1-7799080,
1Г стяатиа ,жукайио пгкиоу,аявижукайас,1-7710101,
1Г стяатиа ,жукайио пгкиоу,йкыбос,1-7710100,
1Г стяатиа ,жукайио пгкиоу,йкыбос,1-7710102,
1Г стяатиа ,жукайио басикитсас,аявижукайас,1-7710071,
1Г стяатиа ,жукайио басикитсас,йкыбос еялг,1-7710070,
1Г стяатиа ,жукайио амтимитсас,аявижукайас,1-7710051,
1Г стяатиа ,жукайио амтимитсас,йкыбос еялг,1-7710050,
и лп ,диоийгсг,дйтгс,1-3301011,
и лп ,диоийгсг,упаспистгс,1-3301013,
и лп ,диоийгсг,упдйтгс,1-3301012,
и лп ,диоийгсг,епвгс,1-3301021,
и лп ,диоийгсг,а╢бе,1-3301661,
и лп ,диоийгсг,б╢бе,1-3301031,
и лп ,епитекеио,1о ец/дмтгс,1-3301101,
и лп ,епитекеио,1о ец/тл. сведиым епив/сеым,1-3301701,
и лп ,епитекеио,1о ец/молоу/тангс/пяосыпийоу,1-3301251,
и лп ,епитекеио,2о ец/дмтгс,1-3301201,
и лп ,епитекеио,2о ец/тл. асжакеиас-амтипкгяожояиым,1-3301024,
и лп ,епитекеио,3о ец/дмтгс,1-3301301,
и лп ,епитекеио,3о ец/тл. тяевоусым епв/сеым,1-3301341,
и лп ,епитекеио,3о ец/тл. епв/сеым емаеяиоу выяоу,1-3301306,
и лп ,епитекеио,3о ец/тл. пкгяожояиайым епв/сеым,1-3301419,
и лп ,епитекеио,4о ец/дмтгс,1-3301401,
и лп ,епитекеио,4о ец/тл. сведиым-асйгсеым дл-псеа,1-3301681,
и лп ,епитекеио,4о ец/тл. упостгяингс уп-уц,1-3301704,
и лп ,епитекеио,4о ец/тл. упостгяингс ел,1-3301404,
и лп ,епитекеио,4о ец/тл. уподолым-пистысеым-дапамым,1-3301461,
и лп ,епитекеио,5о ец/дмтгс,1-3301305,
и лп ,епитекеио,5о ец/тл. ехмийым сведиым,1-3301104,
и лп ,епитекеио,7о ец/дмтгс,1-3301691,
и лп ,епитекеио,7о ец/тл. ейп/сеыс- асйгсеым,1-3301319,
и лп ,епитекеио,7о ец/тл. ан/сеыс-дидацлатым-доцлатым,1-3301110,
и лп ,епитекеио,7о ец/тл. диехмым хелатым,1-3301204,
и лп ,епитекеио,9о ец/дмтгс,1-3301219,
и лп ,епитекеио,9О ец/тл.сведиым епвсеым п-с-сумеяц.,1-3301762,
и лп ,епитекеио,ддб,1-3301561,
и лп ,епитекеио,длв,1-3301569,
и лп ,епитекеио,дои,1-3301119,
и лп ,епитекеио,цеп,1-3301910,
и лп ,аихоуса епивеиягсеым,тлглатаявгс,1-3301551,
и лп ,аихоуса епивеиягсеым,йепив/1о,1-3301001,
и лп ,аихоуса епивеиягсеым,йепив/2о,1-3301205,
и лп ,аихоуса епивеиягсеым,йепив/3о,1-3301121,
и лп ,аихоуса епивеиягсеым,йепив/4о,1-3301671,
и лп ,аихоуса епивеиягсеым,йепив/5о,1-3301541,
и лп ,аихоуса епивеиягсеым,йепив/ддб,1-3301041,
и лп ,аихоуса епивеиягсеым,аихоуса тилым,1-3301304,
и лп ,йепий,дйтгс,1-3301240,
и лп ,йепий,тлгла дидес (DATA),1-3301781,
и лп ,йепий,FAX,1-3301790,
32 танп/м ,диоийгсг,дйтгс,1-4932011,
32 танп/м ,диоийгсг,упдйтгс,1-4932012,
32 танп/м ,диоийгсг,епвгс,1-4932021,
32 танп/м ,дйсеис - дмсеис - ця,1о ец дмтгс,1-4932101,
32 танп/м ,дйсеис - дмсеис - ця,2о ец дмтгс,1-4932201,
32 танп/м ,дйсеис - дмсеис - ця,3о ец дмтгс,1-4932301,
32 танп/м ,дйсеис - дмсеис - ця,3о ец/тл.1о,1-4506681,
32 танп/м ,дйсеис - дмсеис - ця,3о ец/тл.2о,1-4932324,
32 танп/м ,дйсеис - дмсеис - ця,4о ец дмтгс,1-4932401,
32 танп/м ,дйсеис - дмсеис - ця,дои,1-4932461,
32 танп/м ,аихоуса епивеиягсеым,аееас,1-4932240,
32 танп/м ,йепий,йкыбос сефл ╚еялгс╩,1-7743321,
32 танп/м ,йепий,FAX,1-4932790,
32 танп/м ,йепий,DVT сда ╚пуясеиа╩,1-4932910,
32 танп/м ,коипа,505 тп/м дйтгс,1-5950501,
32 танп/м ,коипа,521 тп/м дйтгс,1-5952101,
32 танп/м ,коипа,32 туп дйтгс,1-6603201,
32 танп/м ,коипа,32 ила/дйтгс,1-4506012,
32 танп/м ,коипа,32 клв/дйтгс,1-4506401,
32 танп/м ,коипа,32 кдб/дйтгс,1-7603201,
32 танп/м ,коипа,к/с 32 танп/м /дйтгс,1-4506011,
71 а/л тан ,диоийгсг,дйтгс,1-4871011,
71 а/л тан ,диоийгсг,упдйтгс,1-4871012,
71 а/л тан ,диоийгсг,епвгс,1-4871021,
71 а/л тан ,диоийгсг,уп/стгяио,1-4871013,
71 а/л тан ,епитекеио,1О ця.дмтгс,1-4871101,
71 а/л тан ,епитекеио,1О ця.богхои,1-4871104,
71 а/л тан ,епитекеио,2О ця. дмтгс,1-4871201,
71 а/л тан ,епитекеио,2О ця.богхои,1-4871204,
71 а/л тан ,епитекеио,3О цяажеио,1-4871301,
71 а/л тан ,епитекеио,3О ця.дмтгс,1-4871304,
71 а/л тан ,епитекеио,4О цяажеио,1-4871401,
71 а/л тан ,епитекеио,4О ця. богхои,1-4871404,
71 а/л тан ,дйсеис - дмсеис - ця - аих. епив.,дои,1-4871461,
71 а/л тан ,дйсеис - дмсеис - ця - аих. епив.,ояцама асжакеиас / аееа,1-4871240,
71 а/л тан ,дйсеис - дмсеис - ця - аих. епив.,аих.епив.,1-4871110,
71 а/л тан ,дйсеис - дмсеис - ця - аих. епив.,аих.епив,1-4871111,
71 а/л тан ,йепий,дйтгс йепий,1-4871701,
71 а/л тан ,йепий,FAX,1-4871790,
71 а/л тан ,йепий,тгкетупа,1-4871780,
71 а/л тан ,йепий,асда,1-4871787,
71 а/л тан ,йепий,сдеп,1-4871910,
71 а/л тан ,йепий,йатавыягсг-уеса,1-4871704,
71 а/л тан ,коипа,дйтгс 595 а/л туп,1-5359501,
71 а/л тан ,коипа,дйтгс 71 а/л туп,1-6607101,
71 а/л тан ,коипа,дйтгс 71 а/л кдб,1-7607101,
71 а/л тан ,коипа,дйтгс к/с 71 а/л тан,1-7307101,
71 а/л тан ,коипа,дмтгс каж м.самтас,1-4871081,
1 танас ,диоийгсг,дйтгс 1ГР танас,1-4701011,
1 танас ,диоийгсг,упдйтгс 1ГР танас,1-4701012,
1 танас ,диоийгсг,епвгс 1ГР танас,1-4701021,
1 танас ,диоийгсг,дйтгс 1ОУ тееп,1-5700101,
1 танас ,диоийгсг,дйтгс 2ОУ тееп,1-4121000,
1 танас ,диоийгсг,дйтгс 1ОУ теас,1-5700102,
1 танас ,диоийгсг,307 пеб,1-4730701,
1 танас ,епитекеио,1О цяажеио танас,1-4701101,
1 танас ,епитекеио,3О цяажеио танас,1-4701301,
1 танас ,епитекеио,4О цяажеио танас,1-4701401,
1 танас ,аихйепив,аихоуса епивгягсеым,1-4701101,
1 танас ,коипа,дйтгс 17ОУ кдб,1-7601701,
1 танас ,коипа,аудл 17 кдб,1-4700011,
1 танас ,йепий,FAX,1-4701790,
1 танас ,йепий,т/п DATA Eялгс,1-4701780,
1 танас ,йепий,т/п DATA Eялгс,1-4701910,
1 танас ,жукайио пгкиоу,аявижукайас,1-7710101,
1 танас ,жукайио пгкиоу,аихоуса летацыцеа,1-7710100-2,
1 танйд-ак ,диоийгсг,дйтгс 1ГР тан йд-ак,1-4901011,
1 танйд-ак ,диоийгсг,упдйтгс 1ГР тан йд-ак,1-4901012,
1 танйд-ак ,диоийгсг,епвгс 1ГР тан йд-ак,1-4901021,
1 танйд-ак ,епитекеио,дмтгс 1ОУ ец,1-4901101,
1 танйд-ак ,епитекеио,дмтгс 2ОУ ец,1-4901201,
1 танйд-ак ,епитекеио,дмтгс 3ОУ ец,1-4901301,
1 танйд-ак ,епитекеио,дмтгс 4ОУ ец,1-4901401,
1 танйд-ак ,аих. епивеиягсеым,аеас,1-4901110,
1 танйд-ак ,йепий,дйтгс йепий,1-7550141,
1 танйд-ак ,йепий,FAX,1-4901190,
1 танйд-ак ,йепий,йкыбос еялг,1-7550143,
1 танйд-ак ,коипа,дйтгс 14 кдб,1-7550140,
иI л/й лп ,диоийгсг,дйтгс,1-3302011,
иI л/й лп ,диоийгсг,упдйтгс,1-3302012,
иI л/й лп ,диоийгсг,упаспистгс,1-3302013,
иI л/й лп ,епитекеио,епвгс,1-3302021,
иI л/й лп ,епитекеио,б.епвг,1-3302094,
иI л/й лп ,епитекеио,1о ец дмтгс,1-3302101,
иI л/й лп ,епитекеио,1О ец тлгла 1,1-3302041,
иI л/й лп ,епитекеио,2о ец дмтгс,1-3302201,
иI л/й лп ,епитекеио,2о ец тлгла и,1-3302221,
иI л/й лп ,епитекеио,3о ец дмтгс,1-3302301,
иI л/й лп ,епитекеио,3о ец тлгла и,1-3302321,
иI л/й лп ,епитекеио,3о ец тлгла ии,1-3302331,
иI л/й лп ,епитекеио,4о ец дмтгс,1-3302401,
иI л/й лп ,епитекеио,4о ец тлгла и,1-3302421,
иI л/й лп ,епитекеио,4о ец тлгла ии,1-3302451,
иI л/й лп ,дйсеис - дмсеис - ця,дпб - дйтгс (ломо се пеяиодо асйгсеым),1-3302541,
иI л/й лп ,дйсеис - дмсеис - ця,длв дйтгс,1-3302551,
иI л/й лп ,дйсеис - дмсеис - ця,ддб дйтгс,1-3302561,
иI л/й лп ,дйсеис - дмсеис - ця,дои дйтгс,1-3302461,
иI л/й лп ,дйсеис - дмсеис - ця,цяаллатеиа,1-3302001,
иI л/й лп ,аихоуса епивеиягсеым,сумтомистгс,1-3302240,
иI л/й лп ,аихоуса епивеиягсеым,дмтгс,1-3302110,
иI л/й лп ,аихоуса епивеиягсеым,йепив/цяалатеиа,1-3302149,
иI л/й лп ,аихоуса епивеиягсеым,1 ец дмтгс,1-3302119,
иI л/й лп ,аихоуса епивеиягсеым,2 ец дмтгс,1-3302219,
иI л/й лп ,аихоуса епивеиягсеым,3 ец дмтгс,1-3302319,
иI л/й лп ,аихоуса епивеиягсеым,4 ец дмтгс,1-3302419,
иI л/й лп ,аихоуса епивеиягсеым,дпб дйтгс,1-3302549,
иI л/й лп ,аихоуса епивеиягсеым,дпб/йспу,1-3302546,
иI л/й лп ,аихоуса епивеиягсеым,ддб дйтгс,1-3302569,
иI л/й лп ,йепий,ануп,1-3302700,
иI л/й лп ,йепий,тлгла пуясеиа - DVT,1-3302780,
иI л/й лп ,йепий,тлгла пуясеиа - DVT,1-3302787,
иI л/й лп ,йепий,тлгла пуясеиа,1-3302782,
иI л/й лп ,йепий,FAX,1-3302790,
иI л/й лп ,йепий,йкыбос сефл ╚еялгс╩,1-7731330,
иI л/й лп ,коипа,дйтгс 2 кдб (ломо се пеяиодо асйгсеым),1-7600201,
иI л/й лп ,коипа,цеп,1-3302910,
иI л/й лп ,коипа,йепкг,1-3302539,
иI л/й лп ,коипа,олада тяевоусым епивеиягсеым(оте) ло- мо се пеяиодо асйгсеым,1-3302111,
иI л/й лп ,коипа,олада сумтомислоу тяевоусым епивеияг- сеым (осте) ломо се пеяиодо асйгсеым,1-3302124,
иI л/й лп ,коипа,олада сумтомислоу леккомтийым епивеи- ягсеым (осле) ломо се пеяиодо асйгсеым,1-3302124,
33 л/й тан ,диоийгсг,дйтгс,1-4333011,
33 л/й тан ,диоийгсг,упдйтгс,1-4333012,
33 л/й тан ,епитекеио,епвгс,1-4333021,
33 л/й тан ,епитекеио,1о ец дмтгс,1-4333101,
33 л/й тан ,епитекеио,2о ец дмтгс,1-4333201,
33 л/й тан ,епитекеио,3о ец дмтгс,1-4333301,
33 л/й тан ,епитекеио,4о ец дмтгс,1-4333401,
33 л/й тан ,аихоуса епивеиягсеым,сумтомистгс,1-4333110,
33 л/й тан ,йепий,тлгла пуясеиа - DVT,1-4333780,
33 л/й тан ,йепий,FAX,1-4333790,
33 л/й тан ,йепий,йкыбос сефл ╚еялгс╩,1-7743301,
33 л/й тан ,коипа,33 кдб дйтгс,1-7603301,
33 л/й тан ,коипа,олада тяевоусым епивеиягсеым (оте) ломо се пеяиодо асйгсеым-епивеиягсеым,1-4333111,
34 л/й тан ,диоийгсг,дйтгс,1-4334011,
34 л/й тан ,диоийгсг,удйтгс,1-4334012,
34 л/й тан ,диоийгсг,упаспистгс,1-4334013,
34 л/й тан ,епитекеио,епвгс,1-4334021,
34 л/й тан ,епитекеио,1о ец дмтгс,1-4334101,
34 л/й тан ,епитекеио,богхои 1оу ец,1-4334102,
34 л/й тан ,епитекеио,2о ец дмтгс,1-4334201,
34 л/й тан ,епитекеио,богхои 2оу ец,1-4334202,
34 л/й тан ,епитекеио,3о ец дмтгс,1-4334301,
34 л/й тан ,епитекеио,богхои 3оу ец,1-4334302,
34 л/й тан ,епитекеио,4о ец дмтгс,1-4334401,
34 л/й тан ,епитекеио,4о ец - тлглатаявгс,1-4334402,
34 л/й тан ,епитекеио,дои/дмтгс,1-4334461,
34 л/й тан ,аихоуса епивеиягсеым,сумтомистгс,1-4334110,
34 л/й тан ,йепий,дйтгс йепий,1-4334701,
34 л/й тан ,йепий,тлгла тгкеолоиотупиас (FAX),1-4334791,
34 л/й тан ,йепий,тлгла ╚пуясеиа╩ - DVT,1-4334787,
34 л/й тан ,йепий,тлгла ╚пуясеиа╩ - DVT,1-4334788,
34 л/й тан ,йепий,сдеп,1-4334910,
34 л/й тан ,йепий,сдеп,1-4334911,
34 л/й тан ,йепий,йкыбос сефл ╚еялгс╩,1-7731320,
34 л/й тан ,коипа,епоптгс асжакеиас стядоу (пяойопидг),1-4334240,
34 л/й тан ,коипа,дйтгс 501 л/й тп,1-5350101,
34 л/й тан ,коипа,дйтгс 507 л/й тп,1-5350701,
34 л/й тан ,коипа,дйтгс 34 ела,1-7403401,
34 л/й тан ,коипа,дйтгс 108 ай ллп,1-5310801,
34 л/й тан ,коипа,дйтгс 34 туп,1-7803401,
34 л/й тан ,коипа,дйтгс 34 кат,1-7303491,
34 л/й тан ,коипа,дйтгс 34 кдб,1-7603401,
34 л/й тан ,коипа,дйтгс 34 клв,1-7903401,
34 л/й тан ,коипа,дйтгс 34 куц,1-7703401,
34 л/й тан ,коипа,дйтгс к/с 34 л/й,1-7303431,
34 л/й тан ,коипа,олада тяевоусым епивеиягсеым (оте) ло- мо се пеяиодо асйгсеым-епивеиягсеым,1-4334111,
ц╢сс / NDC-GR ,диоийгсг,дйтгс,1-2503011,
ц╢сс / NDC-GR ,диоийгсг,Yдйтгс,1-2503012,
ц╢сс / NDC-GR ,диоийгсг,епитекийо цяажеио дйтг/ц сс,1-2503013,
ц╢сс / NDC-GR ,епитекеио,епитекаявгс,1-2503021,
ц╢сс / NDC-GR ,епитекеио,дмтгс а╒ йкадоу,1-2503024,
ц╢сс / NDC-GR ,епитекеио,дмтгс б╒ йкадоу,1-2503025,
ц╢сс / NDC-GR ,епитекеио,дмтгс дипяо,1-2503101,
ц╢сс / NDC-GR ,епитекеио,дмтгс дпсс,1-2503121,
ц╢сс / NDC-GR ,епитекеио,дмтгс депив,1-2503169,
ц╢сс / NDC-GR ,епитекеио,дмтгс дисвед,1-2503324,
ц╢сс / NDC-GR ,епитекеио,дмтгс дипа,1-2503202,
ц╢сс / NDC-GR ,епитекеио,дмтгс дасейп,1-2503301,
ц╢сс / NDC-GR ,епитекеио,дмтгс дудл,1-2503401,
ц╢сс / NDC-GR ,йемтяо епивеиягсеым,сумтомистгс,1-2503240,
ц╢сс / NDC-GR ,йемтяо епивеиягсеым,йепив,1-2503760,
ц╢сс / NDC-GR ,йемтяо епивеиягсеым,йепив,1-2503761,
ц╢сс / NDC-GR ,NRDC-GR,NRDC-GR/COS,1-2503041,
ц╢сс / NDC-GR ,NRDC-GR,NRDC-GR/DCOS,1-2503131,
ц╢сс / NDC-GR ,NRDC-GR,NRDC-GR/G6,1-2503511,
ц╢сс / NDC-GR ,дйсеис - дмсеис - ця,дйтгс дпб,1-2503541,
ц╢сс / NDC-GR ,дйсеис - дмсеис - ця,танлв / дйтгс,1-2503551,
ц╢сс / NDC-GR ,дйсеис - дмсеис - ця,тандб / дйтгс,1-2503561,
ц╢сс / NDC-GR ,дйсеис - дмсеис - ця,тандб / удйтгс-епвгс,1-2503567,
ц╢сс / NDC-GR ,дйсеис - дмсеис - ця,тандб / 3о ец,1-2503566,
ц╢сс / NDC-GR ,дйсеис - дмсеис - ця,депс / дйтгс,1-4309601,
ц╢сс / NDC-GR ,дйсеис - дмсеис - ця,депс / удйтгс,1-4309602,
ц╢сс / NDC-GR ,йепий,йепий /дйтгс,1-2503704,
ц╢сс / NDC-GR ,йепий,тлгла ╚пуясеиа╩,1-2503783,
ц╢сс / NDC-GR ,йепий,тлгла тгкеолоиотупиас (FAX),1-2503790,
ц╢сс / NDC-GR ,йепий,йкыбос летацыцеа,1-7751040,
ц╢сс / NDC-GR ,йепий,йкыбос OSC,1-7759040,
ц╢сс / NDC-GR ,коипа,490 тдб / дйтгс,1-5649001,
ц╢сс / NDC-GR ,коипа,490 тдб / удйтгс,1-2503251,
ц╢сс / NDC-GR ,коипа,489 тдб / дйтгс,1-5648901,
ц╢сс / NDC-GR ,коипа,489 тдб / удйтгс,1-5648906,
ц╢сс / NDC-GR ,коипа,489 тдб / 3ос ковос,1-5649005,
ц╢сс / NDC-GR ,коипа,489 - 490 тдб/аудл,1-2503701,
ц╢сс / NDC-GR ,коипа,NRDC-GR/туп/дйтгс,1-2503419,
ц╢сс / NDC-GR ,коипа,епоптгс асжакеиас стядоу ╚педиом аяеос╩,1-2503419,
ц╢сс / NDC-GR ,коипа,е. ж. ╚йоуяи╩ аявижукайас,1-7740061,
ц╢сс / NDC-GR ,коипа,е. ж. ╚йоуяи╩ йкыбос,1-7740060,
ц╢сс / NDC-GR ,коипа,е. ж. ╚воколымтас╩ аявижукайас,1-7740091,
ц╢сс / NDC-GR ,коипа,е. ж. ╚воколымтас╩ йкыбос,1-7740090,
8 M/п тан ,диоийгсг,дйтгс,1-2081000,
8 M/п тан ,диоийгсг,удйтгс,1-2081005,
8 M/п тан ,епитекеио,епвгс,1-2081002,
8 M/п тан ,епитекеио,1О ец/дмтгс,1-2081100,
8 M/п тан ,епитекеио,2О ец/дмтгс,1-2081200,
8 M/п тан ,епитекеио,3О ец/дмтгс,1-2081300,
8 M/п тан ,епитекеио,4О ец/дмтгс,1-2081400,
8 M/п тан ,йемтяо епивеиягсеым,сумтомистгс,1-2083300,
8 M/п тан ,йемтяо епивеиягсеым,дйтгс 8 л/п тан,1-2083000,
8 M/п тан ,йемтяо епивеиягсеым,удйтгс 8 л/п тан,1-2083005,
8 M/п тан ,йемтяо епивеиягсеым,епвгс 8 л/п тан,1-2083002,
8 M/п тан ,йепий,дйтгс,1-7100820,
8 M/п тан ,йепий,тлгла пуясеиа - FAX,1-7100881,
8 M/п тан ,йепий,тлгла пуясеиа - DVT,1-7100882,
8 M/п тан ,диоийгсг,дйтгс,1-4309011,
9 танпф ,диоийгсг,удйтгс,1-4309112,
9 танпф ,диоийгсг,упасп,1-4309020,
9 танпф ,епитекеио,епвгс,1-4309021,
9 танпф ,епитекеио,1О ец/дмтгс,1-4309101,
9 танпф ,епитекеио,2О ец/дмтгс,1-4309201,
9 танпф ,епитекеио,2О ец/богхои,1-4309204,
9 танпф ,епитекеио,3О ец/дмтгс,1-4309301,
9 танпф ,епитекеио,3О ец/богхои,1-4309304,
9 танпф ,епитекеио,4О ец/дмтгс,1-4309401,
9 танпф ,епитекеио,цеп,1-4309501,
9 танпф ,йемтяо епивеиягсеым,сумтомистгс,1-4309240,
9 танпф ,йемтяо епивеиягсеым,йепкг,1-4309111,
9 танпф ,йемтяо епивеиягсеым,йепив,1-4309110,
9 танпф ,йепий,дйтгс,1-4309701,
9 танпф ,йепий,тлгла сда пуясеиа-FAX,1-4309790,
9 танпф ,йепий,DVT-VOICE,1-4309910,
9 танпф ,йепий,тлгла сда ╚пуясеиа╩ - DVT,1-4309780,
9 танпф ,йепий,тлгла сда ╚пуясеиа╩ - DVT,1-4309787,
9 танпф ,йепий,йкыбос ╚еялгс╩,1-4309700,
9 танпф ,коипа,епоптгс стядоу ╚лайедомолавым╩,1-4309241,
9 танпф ,коипа,9 кдб/дйтгс,1-4300901,
9 танпф ,коипа,9 кдб/дйтгс / дяитгс 2ГР дяиас епийоимымиым,1-4309702,
10 сп ╚в лп╩ ,диоийгсг,дйтгс,1-3310011,
10 сп ╚в лп╩ ,диоийгсг,удйтгс,1-3310012,
10 сп ╚в лп╩ ,епитекеио,1О ец / дйтгс,1-3310101,
10 сп ╚в лп╩ ,епитекеио,2О ец / дйтгс,1-3310201,
10 сп ╚в лп╩ ,епитекеио,3О ец / дйтгс,1-3310301,
10 сп ╚в лп╩ ,епитекеио,4О ец / дйтгс,1-3310401,
10 сп ╚в лп╩ ,епитекеио,аихоуса епивеиягсеым,1-3310240,
10 сп ╚в лп╩ ,йемтяо епивеиягсеым,сумтомистгс,1-3310240,
10 сп ╚в лп╩ ,йепий,тлгла сда ╚пуясеиа╩,FAX,1-3310790
10 сп ╚в лп╩ ,йепий,тлгла сда ╚пуясеиа╩ - DVT,1-3310780,
10 сп ╚в лп╩ ,йепий,йкыбос сефл ╚еялгс╩,1-7733101,
10 сп ╚в лп╩ ,коипа,епоптгс стядоу ╚йкеисаяг╩,1-3310022,
10 сп ╚в лп╩ ,коипа,дяиа дб/дяитгс,1-3310561,
д╢ сс ,диоийгсг,дйтгс,1-2504011,
д╢ сс ,диоийгсг,уподиоийгтгс,1-2504012,
д╢ сс ,диоийгсг,епитекаявгс,1-2504021,
д╢ сс ,диоийгсг,а╢ бе,1-2504024,
д╢ сс ,диоийгсг,б╢ бе,1-2504025,
д╢ сс ,диоийгсг,упаспистгяио,1-2504013,
д╢ сс ,диоийгсг,оийиа дйтоу кажн,1-2504511,
д╢ сс ,епитекеио,дмтгс (диеухумсг пяосыпийоу),1-2504101,
д╢ сс ,епитекеио,тлгла пяосыпийо-молос-танис-пеихаявеиа (диеухумсг пяосыпийоу),1-2504151,
д╢ сс ,епитекеио,дмтгс (диеухумсг пкгяожояиым),1-2504201,
д╢ сс ,епитекеио,тл. асжакеиас-оас (диеухумсг пкгяожояиым),1-2504221,
д╢ сс ,епитекеио,тлгла пкгяожояиым (диеухумсг пкгяожояиым),1-2504231,
д╢ сс ,епитекеио,дмтгс (диеухумсг епивеиягсеым),1-2504121,
д╢ сс ,епитекеио,тл. тяевоусым епивеиягсеым (диеухумсг епивеиягсеым),1-2504325,
д╢ сс ,епитекеио,аих.йепив/дмтгс (диеухумсг епивеиягсеым),1-2504110,
д╢ сс ,епитекеио,аих.йепив/аееас (диеухумсг епивеиягсеым),1-2504240,
д╢ сс ,епитекеио,дмтгс (диеухумсг сведиым),1-2504301,
д╢ сс ,епитекеио,тлгла сведиым (диеухумсг сведиым),1-2504324,
д╢ сс ,епитекеио,тлгла алумтийгс ояцамысгс (диеухумсг сведиым),1-2504323,
д╢ сс ,епитекеио,дмтгс (диеухумсг епийоимымиым - пкгяожояийгс),1-2504561,
д╢ сс ,епитекеио,тлгла асйгсеым (диеухумсг епийоимымиым - пкгяожояийгс),1-2504569,
д╢ сс ,епитекеио,тлгла ейпаидеусгс,1-2504335,
д╢ сс ,епитекеио,дмтгс (диеухумсг упостгяингс),1-2504401,
д╢ сс ,епитекеио,тлгла уп (диеухумсг упостгяингс),1-2504425,
д╢ сс ,епитекеио,-//-,ел (диеухумсг упостгяингс),1-2504451
д╢ сс ,дйсеис - дмсеис - ця,дйтгс (диоийгсг пуяобокийоу),1-2504541,
д╢ сс ,дйсеис - дмсеис - ця,3o ец (диоийгсг пуяобокийоу),1-2504546,
д╢ сс ,дйсеис - дмсеис - ця,птеяуца а/а ал. (диоийгсг пуяобокийоу),1-2504547,
д╢ сс ,дйсеис - дмсеис - ця,дйтгс (диоийгсг лгвамийоу),1-2504551,
д╢ сс ,дйсеис - дмсеис - ця,дмтгс (дмсг стяатокоцийоу),1-2504051,
д╢ сс ,аихоуса епивеиягсеым,дмтгс аихепив,1-2504110,
д╢ сс ,1 сегппеп,дйтгс,1-5601001,
д╢ сс ,1 сегппеп,1o ец,1-5601101,
д╢ сс ,1 сегппеп,2o ец,1-5601201,
д╢ сс ,1 сегппеп,3o ец,1-5601301,
д╢ сс ,1 сегппеп,4o ец,1-5601101,
д╢ сс ,473 тепп,дйтгс,1-5647305,
д╢ сс ,473 тепп,дйтгс клеа/473 тепп,1-5647331,
д╢ сс ,479 тдб,диоийгтгс,1-5647901,
д╢ сс ,479 тдб,уподиоийгтгс,1-2504700,
д╢ сс ,479 тдб,3ОР ковос/диоийгтгс,1-5647905,
д╢ сс ,479 тдб,йкыбос (OSC-5),1-7759050,
д╢ сс ,479 тдб,йкыбос (ACCESS),1-7751050,
д╢ сс ,479 тдб,аудл,1-5647905,
д╢ сс ,476 тгп,диоийгтгс,1-5647601,
д╢ сс ,476 тгп,1О цяажеио,1-5647604,
д╢ сс ,стяатодийеио намхгс,пяоедяос,1-2504081,
д╢ сс ,стяатодийеио намхгс,еисаццекеас,1-2504251,
вии л/й лп ,диоийгсг,диоийгтгс,1-3312011,
вии л/й лп ,диоийгсг,упаспистгяио,1-3312013,
вии л/й лп ,диоийгсг,уподиоийгтгс,1-3312012,
вии л/й лп ,диоийгсг,епитекаявгс,1-3312021,
вии л/й лп ,диоийгсг,б. епитекаявг,1-3312022,
вии л/й лп ,1О еп/ц,дмтгс,1-3312101,
вии л/й лп ,1О еп/ц,тлгла 1О,1-3312104,
вии л/й лп ,2О еп/ц,дмтгс,1-3312201,
вии л/й лп ,2О еп/ц,тлгла 1О,1-3312231,
вии л/й лп ,2О еп/ц,тлгла 2О,1-3312221,
вии л/й лп ,3О еп/ц,дмтгс,1-3312301,
вии л/й лп ,3О еп/ц,тлгла 1О,1-3312321,
вии л/й лп ,3О еп/ц,тлгла 1Б,1-3312351,
вии л/й лп ,3О еп/ц,тлгла 2О,1-3312331,
вии л/й лп ,4О еп/ц,дмтгс,1-3312401,
вии л/й лп ,4О еп/ц,тлгла 1А,1-3312424,
вии л/й лп ,4О еп/ц,тлгла 1Б,1-3312691,
вии л/й лп ,4О еп/ц,тлгла 1Б/1,1-3312426,
вии л/й лп ,4О еп/ц,тлгла 1Ц,1-3312681,
вии л/й лп ,4О еп/ц,тлгла 1Д,1-3312671,
вии л/й лп ,4О еп/ц,тлгла 2А,1-3312661,
вии л/й лп ,7О еп/ц,дмтгс,1-3312121,
вии л/й лп ,дйсеис - дмсеис - ця,дпб / дйтгс,1-3312541,
вии л/й лп ,дйсеис - дмсеис - ця,дпб / епвгс,1-3312544,
вии л/й лп ,дйсеис - дмсеис - ця,дпб / 3о цЯ,1-3312544,
вии л/й лп ,дйсеис - дмсеис - ця,длв / диоийгтгс,1-3312551,
вии л/й лп ,дйсеис - дмсеис - ця,длв / богхои,1-3312554,
вии л/й лп ,дйсеис - дмсеис - ця,ддб / диоийгтгс,1-3312561,
вии л/й лп ,дйсеис - дмсеис - ця,ддб / богхои,1-3312564,
вии л/й лп ,дйсеис - дмсеис - ця,дех / дйтгс,1-3312611,
вии л/й лп ,дйсеис - дмсеис - ця,дои / дмтгс,1-3312461,
вии л/й лп ,дйсеис - дмсеис - ця,цяажеио си / дмтгс,1-3312131,
вии л/й лп ,дйсеис - дмсеис - ця,цеп / дмтгс,1-3312784,
вии л/й лп ,дйсеис - дмсеис - ця,сумтомистгс йепив,1-3312110,
вии л/й лп ,дйсеис - дмсеис - ця,йемтяо епивеиягсеым,1-3312240,
вии л/й лп ,йепий,диоийгтгс,1-3312701,
вии л/й лп ,йепий,ануп йепий,1-3312700,
вии л/й лп ,йепий,тлгла сглатым,1-3312704,
вии л/й лп ,йепий,FAX,1-3312790,
вии л/й лп ,йепий,йкыбос ам-02,1-7721020,
вии л/й лп ,йепий,йкыбос OSC-02,1-7729020,
вии л/й лп ,12 кдб,дйтгс,1-5647622,
вии л/й лп ,12 кдб,аявижукайас ж. йаккихеас,1-7750131,
вии л/й лп ,12 кдб,йкыбос т-13,1-7750130,
вии л/й лп ,12 кдб,йкыбос т-04 (ломо се пеяиодо асйгсеым- епивеиягсеым),1-7750040,
вии л/й лп ,коипа,ии/100 купе,1-3312250,
7 л/й тан ,диоийгсг,диоийгтгс,1-4307011,
7 л/й тан ,диоийгсг,уподиоийгтгс,1-4307012,
7 л/й тан ,диоийгсг,епитекаявгс,1-4307021,
7 л/й тан ,диоийгсг,упаспистгс,1-4307020,
7 л/й тан ,1О еп/ц,дмтгс,1-4307101,
7 л/й тан ,1О еп/ц,богхои,1-4307111,
7 л/й тан ,2О еп/ц,дмтгс,1-4307201,
7 л/й тан ,2О еп/ц,богхои,1-4307204,
7 л/й тан ,3О еп/ц,дмтгс,1-4307301,
7 л/й тан ,3О еп/ц,богхои тлгла ейпаидеусгс,1-4307304,
7 л/й тан ,3О еп/ц,богхои тлгла сведиым,1-4307041,
7 л/й тан ,4О еп/ц,дмтгс,1-4307401,
7 л/й тан ,4О еп/ц,богхои,1-4307404,
7 л/й тан ,4О еп/ц,сумтомистгс йепив,1-4307110,
7 л/й тан ,цеп - дои,дмтгс,1-4307461,
7 л/й тан ,ояцама асжакеиас,йемтяо епивеиягсеым,1-4307240,
7 л/й тан ,йепий,дйтгс/йепий,1-4307700,
7 л/й тан ,йепий,тлгла сглатым - т.о.т. (FAX),1-4307790,
7 л/й тан ,йепий,сда ''пуясеиа'',1-4307780,
7 л/й тан ,йепий,йкыбос LG-05,1-7731350,
7 л/й тан ,коипа,561 л/й тп / дйтгс,1-5356101,
7 л/й тан ,коипа,642 л/й тп / дйтгс,1-5364201,
7 л/й тан ,коипа,641 тп / дйтгс,1-5364101,
7 л/й тан ,коипа,7Г ела/дйтгс,1-5200701,
7 л/й тан ,коипа,131 а/й ллп / дйтгс,1-5413101,
7 л/й тан ,коипа,7 туп / дйтгс,1-6600701,
7 л/й тан ,коипа,те тувеяоу / дйтгс,1-4307601,
7 л/й тан ,коипа,7 клв / дйтгс,1-7500701,
7 л/й тан ,коипа,7 кдб / дйтгс,1-7600701,
7 л/й тан ,коипа,7 ка-т/дйтгс,1-4307762,
7 л/й тан ,коипа,кс 7 л/й тан/дтгс,1-7743011,
31 л/й тан ,диоийгсг,дйтгс,1-4331011,
31 л/й тан ,диоийгсг,удйтгс,1-4331012,
31 л/й тан ,диоийгсг,епвгс,1-4331021,
31 л/й тан ,епитекеио,1о ец дмтгс,1-4331101,
31 л/й тан ,епитекеио,2о ец дмтгс,1-4331201,
31 л/й тан ,епитекеио,2о ец богхои,1-4331204,
31 л/й тан ,епитекеио,3о ец дмтгс,1-4331301,
31 л/й тан ,епитекеио,3о ец богхои,1-4331304,
31 л/й тан ,епитекеио,4о ец дмтгс,1-4331401,
31 л/й тан ,епитекеио,4о ец богхои,1-4331404,
31 л/й тан ,аихоуса епивеиягсеым,йемтяо епивеиягсеым,1-4331240,
31 л/й тан ,аихоуса епивеиягсеым,сумтомистгс йепив,1-4331110,
31 л/й тан ,йепий,дйтгс,1-4331701,
31 л/й тан ,йепий,тлгла сглатым - тот,1-4331790,
31 л/й тан ,йепий,йкыбос LG-09,1-7751390,
31 л/й тан ,коипа,535 л/й тп / дйтгс,1-5353501,
31 л/й тан ,коипа,536 л/й тп / дйтгс,1-5353601,
31 л/й тан ,коипа,110 а/й ллп / дйтгс,1-5411001,
31 л/й тан ,коипа,31 кдб / дйтгс,1-7603101,
31 л/й тан ,коипа,31 туп / дйтгс,1-4531001,
31 л/й тан ,коипа,31 кат / дйтгс,1-7530311,
31 л/й тан ,коипа,кс/31 л/йтан / дйтгс,1-7030311,
31 л/й тан ,коипа,анйос йепкг,1-4331204,
ввиии тхт ,диоийгсг,дйтгс,1-4223011,
ввиии тхт ,диоийгсг,удйтгс,1-4223012,
ввиии тхт ,диоийгсг,епвгс,1-4223021,
ввиии тхт ,епитекеио,1 ец/дмтгс,1-4223101,
ввиии тхт ,епитекеио,2 ец/дмтгс,1-4223201,
ввиии тхт ,епитекеио,3 ец/дмтгс,1-4223301,
ввиии тхт ,епитекеио,4 ец/дмтгс,1-4223401,
ввиии тхт ,дйсеис - дмсеис - ця - аих. епив.,сумтомистгс йепив,1-4223110,
ввиии тхт ,дйсеис - дмсеис - ця - аих. епив.,йемтяо епивеиягсеым,1-4223111,
ввиии тхт ,дйсеис - дмсеис - ця - аих. епив.,йемтяо епивеиягсеым,1-4223240,
ввиии тхт ,йепий,дйтгс,1-4223701,
ввиии тхт ,йепий,тлгла сглатым - тот,1-4223790,
ввиии тхт ,йепий,йкыбос ╚еялгс╩,1-7742231,
ввиии тхт ,коипа,644 л/й тп / дйтгс,1-5364401,
ввиии тхт ,коипа,21 ела / дйтгс,1-5202101,
ввиии тхт ,коипа,24 ела / дйтгс,1-5202401,
ввиии тхт ,коипа,138 а/й ллп / дйтгс,1-2413801,
ввиии тхт ,коипа,23 еуп / дйтгс,1-5202301,
ввиии тхт ,коипа,23 кдб / дйтгс,1-7602301,
50 л/й тан ,диоийгсг,дйтгс,1-4350011,
50 л/й тан ,диоийгсг,удйтгс,1-4350012,
50 л/й тан ,диоийгсг,епвгс,1-4350021,
50 л/й тан ,епитекеио,1о ец дмтгс,1-4350101,
50 л/й тан ,епитекеио,богхои 1оу ец,1-4350104,
50 л/й тан ,епитекеио,2о ец дмтгс,1-4350201,
50 л/й тан ,епитекеио,богхои 2оу ец,1-4350204,
50 л/й тан ,епитекеио,3о ец дмтгс,1-4350301,
50 л/й тан ,епитекеио,3о ец тлгла 1о,1-4350321,
50 л/й тан ,епитекеио,3о ец тлгла 2о,1-4350351,
50 л/й тан ,епитекеио,4о ец дмтгс & тЛ и,1-4350401,
50 л/й тан ,епитекеио,4о ец тлгла иЕ & иСТ,1-4350491,
50 л/й тан ,епитекеио,4о ец тлгла ии,1-4350451,
50 л/й тан ,дйсеис - дмсеис - ця,дои / дмтгс,1-4350461,
50 л/й тан ,ояцама асжакеиас,аееас,1-4350461,
50 л/й тан ,аихоуса епивеиягсеым,дмтгс,1-4350110,
50 л/й тан ,аихоуса епивеиягсеым,Aих епивеиягсеым,1-4350204,
50 л/й тан ,аихоуса епивеиягсеым,Aих епивеиягсеым,1-4350321,
50 л/й тан ,аихоуса епивеиягсеым,Aих епивеиягсеым - сдеп DVT,1-4350491,
50 л/й тан ,коипа,50 кдб / дйтгс,1-5605001,
50 л/й тан ,коипа,йкыбос ╚еялгс╩,1-7741310,
XVи л/й лп ,диоийгсг,диоийгтгс,1-3316011,
XVи л/й лп ,диоийгсг,оийиа диоийгтг,1-3316511,
XVи л/й лп ,диоийгсг,упаспистгяио,1-3316022,
XVи л/й лп ,диоийгсг,уподиоийгтгс,1-3316012,
XVи л/й лп ,диоийгсг,епитекаявгс,1-3316021,
XVи л/й лп ,диоийгсг,б. епитекаявг,1-3316022,
XVи л/й лп ,епитекеио,дмтгс (1О епитекийо цяажеио),1-3316101,
XVи л/й лп ,епитекеио,дмтгс (2О епитекийо цяажеио),1-3316201,
XVи л/й лп ,епитекеио,тлгла 1О,1-3316221,
XVи л/й лп ,епитекеио,тлгла 2О,1-3316231,
XVи л/й лп ,епитекеио,дмтгс,1-3316301,
XVи л/й лп ,епитекеио,тлгла 1Б,1-3316371,
XVи л/й лп ,епитекеио,дмтгс,1-3316401,
XVи л/й лп ,епитекеио,тлгла 1,1-3316421,
XVи л/й лп ,епитекеио,тлгла 1А,1-3316681,
XVи л/й лп ,епитекеио,тлгла 1Б,1-3316581,
XVи л/й лп ,епитекеио,тлгла 1/1,1-3316451,
XVи л/й лп ,епитекеио,тлгла 2 А,1-3316694,
XVи л/й лп ,епитекеио,тлгла 2 Б,1-3316694,
XVи л/й лп ,епитекеио,дмтгс,1-3316121,
XVи л/й лп ,дйсеис - дмсеис - ця,дпб / дйтгс,1-3316541,
XVи л/й лп ,дйсеис - дмсеис - ця,дпб / 3О ец,1-3316941,
XVи л/й лп ,дйсеис - дмсеис - ця,длв / дйтгс,1-3316551,
XVи л/й лп ,дйсеис - дмсеис - ця,длв / богхои,1-3316564,
XVи л/й лп ,дйсеис - дмсеис - ця,ддб / дйтгс,1-3316561,
XVи л/й лп ,дйсеис - дмсеис - ця,дех / XVI M/K Mп,1-3316611,
XVи л/й лп ,дйсеис - дмсеис - ця,диеухумсг оийомолийоу / дмтгс,1-3316461,
XVи л/й лп ,дйсеис - дмсеис - ця,цяажеио пкгяожояийгс / дмтгс,1-3316041,
XVи л/й лп ,,йепив,1-3316549,
XVи л/й лп ,,йепив,1-3316319,
XVи л/й лп ,,йепив,1-3316419,
XVи л/й лп ,йепий,диоийгтгс,1-3316701,
XVи л/й лп ,йепий,тлгла сглатым,1-3316704,
XVи л/й лп ,йепий,тгкетупа(DVT),1-3316780,
XVи л/й лп ,йепий,FAX,1-3316790,
XVи л/й лп ,йепий,йкыбос ╚еялг╩ теялатийос,1-7711060,
XVи л/й лп ,йепий,йкыбос ╚еялг╩ упеяастийос,1-7730030,
3 л/й тан ,диоийгсг,дйтгс,1-4303011,
3 л/й тан ,диоийгсг,упдйтгс,1-4303012,
3 л/й тан ,диоийгсг,епвгс,1-4303021,
3 л/й тан ,диоийгсг,упаспистгс,1-4303020,
3 л/й тан ,епитекеио,1о ец дмтгс,1-4303101,
3 л/й тан ,епитекеио,2о ец дмтгс,1-4303201,
3 л/й тан ,епитекеио,2о ец тлгла 1,1-4303204,
3 л/й тан ,епитекеио,3о ец дмтгс,1-4303301,
3 л/й тан ,епитекеио,3о ец тлгла 3А,1-4303304,
3 л/й тан ,епитекеио,4о ец дмтгс,1-4303401,
3 л/й тан ,епитекеио,4о ец тлгла 4А,1-4303404,
3 л/й тан ,епитекеио,дои дмтгс,1-4303461,
3 л/й тан ,йепий,дйтгс,1-4303701,
3 л/й тан ,йепий,тлгла тгкетупым,1-4303780,
3 л/й тан ,йепий,FAX,1-4303790,
3 л/й тан ,йепий,йкыбос сефл ╚еялгс╩,1-7751400,
3 л/й тан ,коипа,502 л/й тп / дйтгс,1-5350201,
3 л/й тан ,коипа,105 а/й лйп / дйтгс,1-5410501,
3 л/й тан ,коипа,3 туп / дйтгс,1-6600301,
3 л/й тан ,коипа,3 к/а - т,1-7300301,
3 л/й тан ,коипа,3 кдб / дйтгс,1-7600301,
3 л/й тан ,коипа,те буссас/дйтгс,1-5300001,
3 л/й тан ,коипа,цеп,1-4303041,
3 л/й тан ,коипа,аих.епив,1-4303111,
3 л/й тан ,коипа,йе.пкг,1-4303110,
3 л/й тан ,коипа,сумтомистгс,1-4303240,
30 л/й тан ,диоийгсг,дйтгс,1-4330011,
30 л/й тан ,диоийгсг,удйтгс,1-4330012,
30 л/й тан ,диоийгсг,епвгс,1-4330021,
30 л/й тан ,епитекеио,1о ец дмтгс,1-4330101,
30 л/й тан ,епитекеио,богхои 1оу ец,1-4330101,
30 л/й тан ,епитекеио,2о ец дмтгс,1-4330201,
30 л/й тан ,епитекеио,богхои 2оу ец,1-4330204,
30 л/й тан ,епитекеио,3о ец дмтгс,1-4330301,
30 л/й тан ,епитекеио,богхои 3оу ец,1-4330304,
30 л/й тан ,епитекеио,4о ец дмтгс,1-4330401,
30 л/й тан ,епитекеио,4о ец - тлглатаявгс,1-4330404,
30 л/й тан ,дйсеис - дмсеис - ця,дои / дмтгс,1-4330461,
30 л/й тан ,дйсеис - дмсеис - ця,дои / богхои,1-4330461,
30 л/й тан ,ояцама асжакеиас,аееас,1-4330241,
30 л/й тан ,аихоуса епивеиягсеым,дмтгс,1-4330110,
30 л/й тан ,аихоуса епивеиягсеым,Aих епивеиягсеым,1-4330111,
30 л/й тан ,аихоуса епивеиягсеым,Aих епивеиягсеым - сдеп DVT,1-4330910,
30 л/й тан ,йепий,дйтгс йепий,1-4330701,
30 л/й тан ,йепий,FAX,1-4330790,
30 л/й тан ,йепий,тгкетупа,1-4330780,
30 л/й тан ,йепий,тгкетупа (асда),1-4330781,
30 л/й тан ,йепий,йкыбос сефл ╚еялгс╩,1-7741380,
30 л/й тан ,коипа,дйтгс 129 а/й лпп,1-5412901,
30 л/й тан ,коипа,дйтгс 16 ела,1-5301601,
30 л/й тан ,коипа,дйтгс 30 кдб,1-7603001,
30 л/й тан ,коипа,дйтгс 30 туп,1-6603001,
30 л/й тан ,коипа,дйтгс 516 лтп,1-5351601,
30 л/й тан ,коипа,дйтгс 564 л/й тп,1-5356401,
30 л/й тан ,коипа,дйтгс 565 етп,1-5356501,
30 л/й тан ,коипа,дйтгс 30 ка-т,1-5303001,
тд/21 сп ,диоийгсг,дйтгс,1-4321011,
тд/21 сп ,диоийгсг,упдйтгс,1-4321012,
тд/21 сп ,епитекеио,2о ец дмтгс,1-4321201,
тд/21 сп ,епитекеио,3о ец дмтгс,1-4321301,
тд/21 сп ,епитекеио,4о ец дмтгс,1-4321401,
тд/21 сп ,аихоуса епивеиягсеым,йепив,1-4321301,
тд/21 сп ,йепий,дйтгс-анйос йепий,1-4321701,
тд/21 сп ,коипа,ояцама асжакеиас / аееас,1-4321110,
тд/21 сп ,коипа,3/2/476 тгп,1-5647623,
тд/21 сп ,коипа,617 лй тп,1-4321101,
тд/21 сп ,коипа,618 лй тп,1-5361801,
тд/21 сп ,коипа,221 ела/дйтгс,1-4321301,
тд/21 сп ,коипа,35 кдб/дйтгс,1-7603501,
вв тхл ,диоийгсг,дйтгс,1-3220011,
вв тхл ,диоийгсг,упдйтгс,1-3220012,
вв тхл ,диоийгсг,епвгс,1-3220021,
вв тхл ,диоийгсг,уп/стгяио,1-3220013,
вв тхл ,епитекеио,1 ец/дмтгс,1-3220101,
вв тхл ,епитекеио,2 ец/дмтгс,1-3220201,
вв тхл ,епитекеио,3 ец/дмтгс,1-3220301,
вв тхл ,епитекеио,4 ец/дмтгс,1-3220401,
вв тхл ,дйсеис - дмсеис - ця - аих. епив.,ддб,1-3220561,
вв тхл ,дйсеис - дмсеис - ця - аих. епив.,ояцама асжакеиас / аееа,1-3220240,
вв тхл ,дйсеис - дмсеис - ця - аих. епив.,аих.епив.,1-3220240,
вв тхл ,йепий,тгкетупа,1-3220780,
вв тхл ,йепий,FAX,1-3220790,
вв тхл ,жукайио хасоу,аявижукайас,1-7740111,
вв тхл ,жукайио хасоу,йкыбос,1-7740110,
вви тхт ,диоийгсг,дйтгс,1-4221011,
вви тхт ,диоийгсг,упдйтгс,1-4221012,
вви тхт ,диоийгсг,епвгс,1-4221021,
вви тхт ,епитекеио,1 ец/дмтгс,1-4221101,
вви тхт ,епитекеио,2 ец/дмтгс,1-4221201,
вви тхт ,епитекеио,3 ец/дмтгс,1-4221301,
вви тхт ,епитекеио,4 ец/дмтгс,1-4221401,
вви тхт ,дйсеис - дмсеис - ця - аих. епив.,ояцама асжакеиас / аееа,1-4221301,
вви тхт ,дйсеис - дмсеис - ця - аих. епив.,аихепив,1-4221111,
вви тхт ,коипа,212 ела / дйтгс,1-6202101,
вви тхт ,коипа,646 л/й тп / дйтгс,1-5364601,
вви тхт ,коипа,211 ела / дйтгс,1-5221101,
вви тхт ,коипа,140 а/й ллп / дйтгс,1-2414001,
вви тхт ,коипа,21 еуп / дйтгс,1-5202122,
вви тхт ,коипа,21 кдб / дйтгс,1-7602101,
вви тхт ,коипа,21 клв / дйтгс,1-7550211,
вви тхт ,коипа,ис/вви тхт / дйтгс,1-5602189,
вви тхт ,коипа,182 лйб TOR л1/ дйтгс,1-2418201,
XXIV тхт ,диоийгсг,дйтгс,1-4224011,
XXIV тхт ,диоийгсг,удйтгс,1-4224012,
XXIV тхт ,диоийгсг,епвгс,1-4224021,
XXIV тхт ,епитекеио,1о ец дмтгс,1-4224101,
XXIV тхт ,епитекеио,2о ец дмтгс,1-4224201,
XXIV тхт ,епитекеио,3о ец дмтгс,1-4224301,
XXIV тхт ,епитекеио,4о ец дмтгс,1-4224401,
XXIV тхт ,дйсеис - дмсеис - ця,ояцама асжакеиас / а.е.а.с.,1-4224240,
XXIV тхт ,аихоуса епивеиягсеым,дмтгс,1-4224110,
XXIV тхт ,йепий,тлгла тгкетупым,1-4224780,
XXIV тхт ,йепий,FAX,1-4224790,
XXIV тхт ,йепий,сдеп,1-4224910,
XXIV тхт ,йепий,йкыбос еялг,1-7742241,
XXIV тхт ,коипа,24 кдб / дйтгс,1-7602401,
ввV тхт ,диоийгсг,дйтгс,1-4225011,
ввV тхт ,диоийгсг,упдйтгс,1-4225012,
ввV тхт ,диоийгсг,епвгс,1-4225021,
ввV тхт ,епитекеио,1О ец / дмтгс,1-4225101,
ввV тхт ,епитекеио,2О ец / дмтгс,1-4225201,
ввV тхт ,епитекеио,3О ец / дмтгс,1-4225301,
ввV тхт ,епитекеио,4О ец / дмтгс,1-4225401,
ввV тхт ,коипа,цеп - сдеп,1-4225910,
ввV тхт ,коипа,аих. епив. / дмтгс,1-4225110,
ввV тхт ,коипа,100 купе/дйтгс,1-4225251,
ввV тхт ,коипа,аееас/XXV Tхт,1-4225240,
ввV тхт ,коипа,25 кдб/дйтгс,1-7602501,
ввV тхт ,йепий,FAX,1-4225790,
ввV тхт ,йепий,т/п (асда),1-4225780,
ввV тхт ,йепий,йкыбOс ╚еялгс╩,1-7753091,
29 танпф ,диоийгсг,дйтгс,1-4329011,
29 танпф ,диоийгсг,упдйтгс,1-4329012,
29 танпф ,диоийгсг,епвгс,1-4329021,
29 танпф ,епитекеио,2О ец / дмтгс,1-4329201,
29 танпф ,епитекеио,3О ец / дмтгс,1-4329301,
29 танпф ,епитекеио,4О ец / дмтгс,1-4329401,
29 танпф ,йепий,29 кдб/дйтгс,1-5602901,
29 танпф ,йепий,29 кдб/йепий,1-4329790,
29 танпф ,йепий,йкыбос,1-7751370,
29 танпф ,жукайио ислаяоу,аявижукайас,1-7750121,
29 танпф ,жукайио ислаяоу,йкыбос,1-7750120,
IV тануп ,диоийгсг,дйтгс,1-4504011,
IV тануп ,диоийгсг,упдйтгс,1-4504012,
IV тануп ,диоийгсг,епвгс,1-4504021,
IV тануп ,епитекеио,2О ец / дмтгс,1-4504201,
IV тануп ,епитекеио,3О ец / дмтгс,1-4504301,
IV тануп ,епитекеио,4О ец / дмтгс,1-4504401,
IV тануп ,дйсеис - дмсеис - ця,диеухумсг тевмийоу,1-4504681,
IV тануп ,дйсеис - дмсеис - ця,дмсг ежод. летажояым,1-4504666,
IV тануп ,дйсеис - дмсеис - ця,дмсг укийоу покелоу,1-4504691,
1 спб (MLRS) ,диоийгсг,дйтгс,1-3220013,
1 спб (MLRS) ,епитекеио,3О ец / дмтгс,1-3220013,
473 тепп/клеа ,диоийгсг,дйтгс,1-5647301,
473 тепп/клеа ,диоийгсг,анйос епивеиягсеым,1-5647331,
473 тепп/клеа ,диоийгсг,асж. птгсеым,1-5647361,
473 тепп/клеа ,диоийгсг,упост. ейтонеутг,1-5647371,
473 тепп/клеа ,диоийгсг,упост. леа,1-5647372,
473 тепп/клеа ,диоийгсг,упост. йкыбым екецвоу,1-5647373,
473 тепп/клеа ,епитекеио,тевмийг диавеияисг,1-5647381,
473 тепп/клеа ,епитекеио,аявиковиас,1-5647391,
473 тепп/клеа ,епитекеио,веияистгс йолбоу,1-7752600,
473 тепп/клеа ,епитекеио,ежедяийо,1-5647110,
473 тепп/клеа ,епитекеио,ежедяийо,1-5647210,
Aсдем ,диоийгсг,дйтгс,1-1951000,
Aсдем ,диоийгсг,упаспистгяио,1-1951003,
Aсдем ,диоийгсг,упдйтгс,1-1951005,
Aсдем ,епитекеио,епвгс,1-1951002,
Aсдем ,епитекеио,дай,1-1951006,
Aсдем ,епитекеио,дбй,1-1951007,
Aсдем ,епитекеио,дипяо/дмтгс,1-1051100,
Aсдем ,епитекеио,дипяо/тлгла стяатиытийоу пяосыпийоу,1-1951110,
Aсдем ,епитекеио,дипа/дмтгс,1-1951200,
Aсдем ,епитекеио,дипа/тлгла пкгяожояиым,1-1951210,
Aсдем ,епитекеио,дипа/тл. асжакеиас амтипкгяожояиым,1-1951270,
Aсдем ,епитекеио,дисвед/дмтгс,1-1951500,
Aсдем ,епитекеио,дисвед/тлгла ояцамысгс,1-1951560,
Aсдем ,епитекеио,дисвед/тлгла сведиым,1-1951570,
Aсдем ,епитекеио,дисвед/тлгла алумтийгс ояцамысгс,1-1951580,
Aсдем ,епитекеио,дасейп/дмтгс,1-1951700,
Aсдем ,епитекеио,дасейп/тлгла епивеиягсиайгс аниокоцгсгс,1-1951730,
Aсдем ,епитекеио,дасейп/тлгла ейпаидеусгс,1-1951740,
Aсдем ,епитекеио,депив/дмтгс,1-1951300,
Aсдем ,епитекеио,депив/тлгла тяевоусым епивеиягсеым,1-1951320,
Aсдем ,епитекеио,депив/тлгла еид & ьув епивеиягсеым,1-1951360,
Aсдем ,епитекеио,дудл/дмтгс,1-1951400,
Aсдем ,епитекеио,дудл/тлгла сведиасгс,1-1951410,
Aсдем ,епитекеио,дудл/тлгла екецвоу укийым,1-1951430,
Aсдем ,епитекеио,дудл/тлгла йимгсеым,1-1951475,
Aсдем ,епитекеио,дудл/тлгла тевмийоу,1-1951450,
Aсдем ,епитекеио,дудл/тлгла укийоу покелоу,1-1951440,
Aсдем ,епитекеио,дудл/тлгла ежодиаслоу летажояым,1-1951470,
Aсдем ,епитекеио,дпб/дмтгс,1-1951330,
Aсдем ,епитекеио,дпб/тлгла ппл,1-1951332,
Aсдем ,епитекеио,дпб/тлгла аа,1-1951333,
Aсдем ,епитекеио,йспу,1-1951334,
Aсдем ,епитекеио,йспу,1-1951336,
Aсдем ,епитекеио,длв/дмтгс,1-1951340,
Aсдем ,епитекеио,длв/1 цяажеио,1-1951341,
Aсдем ,епитекеио,деп/дмтгс,1-1951600,
Aсдем ,епитекеио,деп/тлгла асйгсеым,1-1951610,
Aсдем ,епитекеио,деп/сдеп,1-1951640,
Aсдем ,епитекеио,депс/дмтгс,1-1951950,
Aсдем ,епитекеио,дои/дмтгс,1-1951850,
Aсдем ,епитекеио,дек/дмтгс,1-1951870,
Aсдем ,епитекеио,дск/дмтгс,1-1951830,
Aсдем ,коипа,дийепив/дмтгс,1-1953000,
Aсдем ,коипа,йепив/дай,1-1953006,
Aсдем ,коипа,йепив/дбй,1-1953007,
Aсдем ,коипа,йепив/сумтомистгс,1-1953300,
Aсдем ,коипа,йепив/анйос пкгяожояиым,1-1953200,
Aсдем ,коипа,йепий/анйос епийоимымиым,1-1953600,
Aсдем ,коипа,йепив/анйос дл,1-1953400,
Aсдем ,коипа,2о сегппеп/дйтгс,1-2521000,
Aсдем ,коипа,2о сегппеп/удйтгс,1-2521005,
Aсдем ,коипа,2о сегппеп/1о ец,1-2521100,
Aсдем ,коипа,2о сегппеп/2о ец,1-2521200,
Aсдем ,коипа,2о сегппеп/3о ец,1-2521300,
Aсдем ,коипа,2о сегппеп/4о ец,1-2521400,
Aсдем ,коипа,471 тгп/дйтгс,1-3747100,
Aсдем ,коипа,471 тгп/удйтгс,1-3747105,
Aсдем ,коипа,471 тгп/1О цяажеио,1-3747110,
Aсдем ,коипа,471 тгп/2О цяажеио,1-3747120,
Aсдем ,коипа,471 тгп/3О цяажеио,1-3747130,
Aсдем ,коипа,471 тгп/йеегп,1-3747160,
Aсдем ,коипа,482 тдб/дйтгс,1-3748200,
Aсдем ,коипа,482 тдб/удйтгс,1-3748205,
Aсдем ,коипа,482 тдб/1О цяажеио,1-3748210,
Aсдем ,коипа,482 тдб/2О цяажеио,1-3748220,
Aсдем ,коипа,482 тдб/3О цяажеио,1-3748230,
Aсдем ,коипа,482 тдб/4О цяажеио,1-3748240,
Aсдем ,коипа,йолбос маноу/аявижукайас,1-7760271,
Aсдем ,коипа,йолбос маноу/йкыбос,1-7760270,
Aсдем ,коипа,KOMBOс аступакаиас/йкыбос,1-7770280,
Aсдем ,коипа,KOMBOс аступакаиас/аявижукайас,1-7770281,
Aсдем ,коипа,йолбос аступакаиас/DATA,1-7770289,
Aсдем ,коипа,йолбос ACCESS асдем,1-7761080,
Aсдем ,коипа,йолбос улгтоу,1-7760330,
Aсдем ,коипа,йолбос SEP,1-7769060,
Aсдем ,йепий,йепий/дйтгс,1-7148220,
Aсдем ,йепий,йепий/двсг дийтуоу,1-7148210,
Aсдем ,йепий,йепий/тот,1-7148281,
Aсдем ,йепий,йепий/DATA,1-7148271,
тд/41 сп ,диоийгсг,дйтгс,1-5328901,
тд/41 сп ,епитекеио,1о ец дмтгс,1-5328911,
тд/41 сп ,епитекеио,2о ец дмтгс,1-5328921,
тд/41 сп ,епитекеио,3о ец дмтгс,1-5328931,
тд/41 сп ,епитекеио,4о ец дмтгс,1-5328941,
тд/41 сп ,аихоуса епивеиягсеым,дмтгс,1-5328981,
тд/41 сп ,йепий,дйтгс,1-5328902,
тд/41 сп ,йепий,тлгла тгкетупым,1-5328990,
тд/41 сп ,йепий,ояцама асжакеиас / аееас,1-5328940,
тд/41 сп ,йепий,дяитгс дяиас дб,1-5328951,
тд/41 сп ,йепий,йкыбос еялг,1-7753289,
95 адте ,диоийгсг,дйтгс,1-3395011,
95 адте ,диоийгсг,упдйтгс,1-3395012,
95 адте ,диоийгсг,епитекаявгс,1-3395021,
95 адте ,диоийгсг,богхос епитекаявг,1-4538760,
95 адте ,епитекеио,1О ец / дмтгс,1-3395101,
95 адте ,епитекеио,2О ец / дмтгс,1-3395201,
95 адте ,епитекеио,2О ец/богхои,1-3395761,
95 адте ,епитекеио,3О ец / дмтгс,1-3395301,
95 адте ,епитекеио,3О ец/богхои,1-4543011,
95 адте ,епитекеио,4О ец / дмтгс,1-3395401,
95 адте ,епитекеио,ддб,1-3395561,
95 адте ,епитекеио,длв,1-3395551,
95 адте ,епитекеио,дои,1-3395461,
95 адте ,епитекеио,дуп,1-3395691,
95 адте ,епитекеио,дтв,1-3395681,
95 адте ,епитекеио,дуц,1-3395671,
95 адте ,епитекеио,дел,1-4543760,
95 адте ,епитекеио,длех,1-3395541,
95 адте ,коипа,аих. епив.,1-3395110,
95 адте ,коипа,йолбос пя.гкиа/аявижукайас,1-7770301,
95 адте ,коипа,йолбос пя.гкиа/веияистгс,1-7770300,
95 адте ,коипа,йолбос пя.гкиа/DATA,1-7770309,
95 адте ,коипа,теялатийос йолбос сефл ╚еялгс╩,1-7771460,
95 адте ,йепий,дйтгс,1-4538011,
95 адте ,йепий,FAX,1-3395790,
95 адте ,йепий,DATA,1-3395099,
95 адте ,йепий,DATA,1-3395781,
95 адте ,йепий,DATA,1-3395782,
95 адте ,йепий,DATA,1-3395783,
95 адте ,йепий,DATA,1-3395784,
95 адте ,549 те,дйтгс,1-5354901,
95 адте ,549 те,упдйтгс,1-5354902,
95 адте ,549 те,1О цяажеио,1-5354903,
95 адте ,549 те,2О цяажеио,1-5354904,
95 адте ,549 те,3О цяажеио,1-5354905,
95 адте ,549 те,4О цяажеио,1-5354906,
95 адте ,549 те,дйтгс 1ОУ ке,1-5354907,
95 адте ,549 те,дйтгс кут,1-5354908,
95 адте ,549 те,дйтгс к.дйсеыс,1-5354909,
95 адте ,549 те,дйтгс 113 к.лех,1-5354911,
95 адте ,549 те,йолбос сулгс/веияистгс,1-7772020,
дам лецистгс ,диоийгсг,дйтгс,1-3295000,
дам лецистгс ,диоийгсг,упдйтгс,1-3295005,
дам лецистгс ,епитекеио,1О цяажеио,1-3295010,
дам лецистгс ,епитекеио,2О цяажеио,1-3295020,
дам лецистгс ,епитекеио,3О цяажеио,1-3295030,
дам лецистгс ,епитекеио,4О цяажеио,1-3295040,
дам лецистгс ,коипа,двстгс укийоу,1-3295044,
дам лецистгс ,коипа,аявижукайас еж бицкас,1-3295071,
дам лецистгс ,коипа,веияистгс йепий,1-3295060,
дам лецистгс ,коипа,оукеа/ап,1-3295075,
дам лецистгс ,коипа,ежедяийо,1-3295072,
дам лецистгс ,коипа,ежедяийо,1-3295073,
дам лецистгс ,коипа,ежедяийо,1-3295074,
дам лецистгс ,коипа,ежедяийо,1-3295099,
дам лецистгс ,коипа,веияистгс йолбоу,1-7773080,
549 те ,диоийгсг,дйтгс,1-5354901,
549 те ,диоийгсг,упдйтгс,1-5354902,
549 те ,епитекеио,1О цяажеио,1-5354903,
549 те ,епитекеио,2О цяажеио,1-5354904,
549 те ,епитекеио,3О цяажеио,1-5354905,
549 те ,епитекеио,4О цяажеио,1-5354906,
549 те ,коипа,дйтгс 1ОУ ке,1-5354907,
549 те ,коипа,дйтгс кут,1-5354908,
549 те ,коипа,дйтгс к.дйсеыс,1-5354909,
549 те ,коипа,дйтгс 113 к.лех,1-5354911,
549 те ,коипа,йолбос сулгс/веияистгс,1-7770310,
98 адте ,диоийгсг,дйтгс,1-3398011,
98 адте ,диоийгсг,упдйтгс,1-3398012,
98 адте ,диоийгсг,епвгс,1-3398021,
98 адте ,диоийгсг,б.епитекаявг,1-3398251,
98 адте ,епитекеио,1О ец / дмтгс,1-3398101,
98 адте ,епитекеио,2О ец / дмтгс,1-3398201,
98 адте ,епитекеио,3О ец / дмтгс,1-3398301,
98 адте ,епитекеио,4О ец / дмтгс,1-3398401,
98 адте ,епитекеио,7О ец/дмтгс,1-3398769,
98 адте ,епитекеио,ддб/дйтгс,1-3398561,
98 адте ,епитекеио,длв/дмтгс,1-4522761,
98 адте ,епитекеио,дел/дмтгс,1-4522762,
98 адте ,епитекеио,дуп/дмтгс,1-4536760,
98 адте ,епитекеио,дтв/дмтгс,1-4536761,
98 адте ,епитекеио,дои/дмтгс,1-4536762,
98 адте ,коипа,аих.епив,1-3398240,
98 адте ,коипа,аих. епив.,1-3398110,
98 адте ,коипа,475 тдбех/дйтгс,1-5647501,
98 адте ,коипа,1/2/471 тгп,1-5647121,
98 адте ,коипа,2/1/472 тепп,1-3398767,
98 адте ,коипа,KOлбос аспяг петяа/аявижукайас,1-7760241,
98 адте ,коипа,йолбос аспяг петяа/DATA,1-7760249,
98 адте ,коипа,йолбос аспяг петяа/веияистгс,1-7760240,
98 адте ,коипа,теялатийос йолбос сефл ╚еялгс╩,1-7761420,
98 адте ,йепий,дйтгс,1-4522760,
98 адте ,йепий,FAX,1-3398790,
98 адте ,йепий,сдеп,1-3398768,
98 адте ,йепий,DATA,1-3398781,
98 адте ,йепий,DATA,1-3398782,
98 адте ,йепий,DATA,1-3398783,
98 адте ,йепий,DATA,1-3398784,
98 адте ,йепий,DATA,1-3398786,
98 адте ,йепий,DATA,1-3398789,
96 адте ,диоийгсг,дйтгс,1-4396011,
96 адте ,диоийгсг,упдйтгс,1-4396012,
96 адте ,диоийгсг,епвгс,1-4396021,
96 адте ,епитекеио,1О ец / дмтгс,1-4396101,
96 адте ,епитекеио,1О ец / богхои,1-4396765,
96 адте ,епитекеио,2О ец / дмтгс,1-4396201,
96 адте ,епитекеио,2О ец / богхои,1-4396766,
96 адте ,епитекеио,3О ец / дмтгс,1-4396301,
96 адте ,епитекеио,3О ец / богхои,1-4396767,
96 адте ,епитекеио,4О ец / дмтгс,1-4396401,
96 адте ,епитекеио,4О ец / богхои,1-4396768,
96 адте ,епитекеио,7О ец / оье,1-4396252,
96 адте ,коипа,аих.епив,1-4396110,
96 адте ,коипа,аих.епив,1-4396340,
96 адте ,коипа,96 кдбех/дйтгс,1-7609601,
96 адте ,коипа,96 туех/дйтгс,1-4396341,
96 адте ,коипа,дяиа гп,1-4523760,
96 адте ,коипа,дяиа тепп,1-4523761,
96 адте ,коипа,йолбос исиа/аявижукайас,1-7760251,
96 адте ,коипа,йолбос исиа/веияистгс,1-7760250,
96 адте ,коипа,йолбос исиа/DATA,1-7760259,
96 адте ,коипа,теялатийос йолбос сефл ╚еялгс╩,1-7761430,
96 адте ,йепий,йепий/дйтгс,1-4396762,
96 адте ,йепий,FAX,1-4396790,
96 адте ,йепий,Dата,1-4396781,
96 адте ,йепий,DATA,1-4396782,
96 адте ,йепий,йкыбос еялг,1-7761430,
79 адте ,диоийгсг,дйтгс,1-4379011,
79 адте ,диоийгсг,упдйтгс,1-4379012,
79 адте ,диоийгсг,епвгс,1-4379021,
79 адте ,диоийгсг,1О ец / дмтгс,1-4379101,
79 адте ,епитекеио,1О ец/богхои,1-4379340,
79 адте ,епитекеио,2О ец / дмтгс,1-4379201,
79 адте ,епитекеио,2О ец/богхои,1-4379341,
79 адте ,епитекеио,3О ец / дмтгс,1-4379301,
79 адте ,епитекеио,3О ец/богхои,1-4379768,
79 адте ,епитекеио,4О ец / дмтгс,1-4379401,
79 адте ,епитекеио,4О ец/богхои,1-4379769,
79 адте ,епитекеио,длех/79 адте,1-4379701,
79 адте ,коипа,аихоуса епивеиягсеым,1-4379110,
79 адте ,коипа,аихоуса епивеиягсеым,1-4379240,
79 адте ,коипа,79 кдбех/дйтгс,1-5607901,
79 адте ,коипа,йсегп,1-4379251,
79 адте ,коипа,йолбос кусе/аявижукайас,1-7770261,
79 адте ,коипа,йолбос кусе/веияистгс,1-7770260,
79 адте ,коипа,йолбос кусе/DATA,1-7770269,
79 адте ,коипа,теялатийос йолбос сефл ╚еялгс╩,1-7771440,
79 адте ,йепий,дйтгс,1-4379767,
79 адте ,йепий,тй/покелийо стяатгцеио,1-4396762,
79 адте ,йепий,FAX,1-4379790,
79 адте ,йепий,сдеп,1-4379319,
79 адте ,йепий,DATA,1-4379099,
79 адте ,йепий,DATA,1-4379781,
дам ийаяиас ,диоийгсг,дйтгс,1-3279001,
дам ийаяиас ,диоийгсг,упдйтгс,1-3279002,
дам ийаяиас ,епитекеио,1О цяажеио,1-3279010,
дам ийаяиас ,епитекеио,2О цяажеио,1-3279020,
дам ийаяиас ,епитекеио,3О цяажеио,1-3279030,
дам ийаяиас ,епитекеио,4О цяажеио,1-3279040,
дам ийаяиас ,коипа,аихепив,1-3279033,
дам ийаяиас ,коипа,аудл,1-3279021,
дам ийаяиас ,коипа,веияистгс йолбоу,1-7773250,
дам ийаяиас ,коипа,ежедяийо,1-3279110,
дам ийаяиас ,коипа,ежедяийо,1-3279210,
80 адте ,диоийгсг,дйтгс,1-4380011,
80 адте ,диоийгсг,упдйтгс,1-4380012,
80 адте ,диоийгсг,епвгс,1-4380021,
80 адте ,епитекеио,1О ец / дмтгс,1-4380101,
80 адте ,епитекеио,1О Eц/богхои,1-4380766,
80 адте ,епитекеио,2О ец / дмтгс,1-4380201,
80 адте ,епитекеио,2О Eц/богхои,1-4380768,
80 адте ,епитекеио,3О ец / дмтгс,1-4380301,
80 адте ,епитекеио,3О Eц/богхои,1-5308011,
80 адте ,епитекеио,4О ец / дмтгс,1-4380401,
80 адте ,епитекеио,4О Eц/богхои,1-5308012,
80 адте ,коипа,аихоуса епивеиягсеым,1-4380240,
80 адте ,коипа,80 кдбех/дйтгс,1-7608001,
80 адте ,коипа,степ диас г/у (аихепив 80 адте),1-5308012,
80 адте ,коипа,к.ь.е. 80 адте,1-4380252,
80 адте ,коипа,дяиа гп,1-5647112,
80 адте ,коипа,дяиа тепп,1-4380767,
80 адте ,коипа,йолбос аипобяусг/аявижукайас,1-7770291,
80 адте ,коипа,йолбос аипобяусг/веияистгс,1-7770290,
80 адте ,коипа,йолбос аипобяусг/DATA,1-7770299,
80 адте ,коипа,теялатийос йолбос сефл ╚еялгс╩,1-7771450,
80 адте ,йепий,дйтгс,1-4380769,
80 адте ,йепий,FAX,1-4380790,
80 адте ,йепий,Dата,1-4380099,
80 адте ,йепий,DATA,1-4380781,
80 адте ,йепий,DATA,1-4380783,
80 адте ,йепий,DATA,1-4380784,
80 адте ,йепий,DATA,1-4380785,
5/42 се ,диоийгсг,дйтгс,1-2051000,
5/42 се ,диоийгсг,упдйтгс,1-2051001,
5/42 се ,епитекеио,2О цяажеио,1-2051200,
5/42 се ,епитекеио,3О цяажеио,1-2051300,
5/42 се ,епитекеио,4О цяажеио,1-2051400,
5/42 се ,коипа,епоптгс 5/42 се,1-2051111,
5/42 се ,коипа,дйтгс те йакулмоу,1-2058800,
5/42 се ,коипа,дйтгс ковоу дйсеыс,1-2051121,
5/42 се ,коипа,дйтгс 4/588 те,1-2051141,
5/42 се ,коипа,дйтгс 112 клех,1-2051120,
5/42 се ,коипа,ежедяийо,1-2051634,
5/42 се ,коипа,ежедяийо,1-2051635,
5/42 се ,коипа,ежедяийо,1-2051636,
5/42 се ,йепий,дйтгс йепий,,
5/42 се ,йепий,веияистгс йолбоу,1-2051611,
88 сди ,диоийгсг,дйтгс,1-4388011,
88 сди ,диоийгсг,упдйтгс,1-4388012,
88 сди ,диоийгсг,епвгс,1-4388021,
88 сди ,диоийгсг,упаспистгс,1-4388020,
88 сди ,епитекеио,1О ец / дмтгс,1-4388101,
88 сди ,епитекеио,1o Eц/богхои,1-4388102,
88 сди ,епитекеио,2О ец / дмтгс,1-4388201,
88 сди ,епитекеио,2О ец /I,1-4388204,
88 сди ,епитекеио,3О ец / дмтгс,1-4388301,
88 сди ,епитекеио,3О ец/богхои,1-4388302,
88 сди ,епитекеио,3О ец /и,1-4388304,
88 сди ,епитекеио,3О ец /иА,1-4388240,
88 сди ,епитекеио,3О ец/ии,1-4388510,
88 сди ,епитекеио,4О ец / дмтгс,1-4388401,
88 сди ,епитекеио,4О ец / и,1-4388404,
88 сди ,епитекеио,4О ец / иА,1-4388202,
88 сди ,епитекеио,4О ец / ии,1-4388402,
88 сди ,епитекеио,4О ец / иии,1-2342342,
88 сди ,епитекеио,4О ец/иииА,1-4388702,
88 сди ,епитекеио,4О ец / IV,1-4388014,
88 сди ,епитекеио,4О ец / V,1-4388022,
88 сди ,епитекеио,4О ец / IVБ,1-4388112,
88 сди ,епитекеио,дпб/дмтгс,1-4388541,
88 сди ,епитекеио,дои/дмтгс,1-4388461,
88 сди ,епитекеио,цеп/дмтгс,1-4388763,
88 сди ,коипа,аихоуса епивеиягсеым,1-4388013,
88 сди ,коипа,аихоуса епивеиягсеым,1-4388769,
88 сди ,коипа,аихоуса епивеиягсеым,1-4388791,
88 сди ,коипа,88 сди аеас,1-4388340,
88 сди ,коипа,йспу,1-4388110,
88 сди ,коипа,йспу,1-4388111,
88 сди ,коипа,лйеаап,1-4388542,
88 сди ,коипа,дяиа гп,1-5647612,
88 сди ,коипа,дяиа тепп,1-7608802,
88 сди ,коипа,88 кдб/дйтгс,1-7608801,
88 сди ,коипа,йолбос боуми/аявижукайас,1-7710211,
88 сди ,коипа,йолбос боуми/сйопос,1-7710212,
88 сди ,коипа,йолбос боуми/веияистгс,1-7710210,
88 сди ,коипа,йолбос ╚боуми╩/DATA,1-7710219,
88 сди ,коипа,теялатийос йолбос сефл ╚еялгс╩,1-7711410,
88 сди ,йепий,дйтгс,1-4388701,
88 сди ,йепий,FAX,1-4388790,
88 сди ,йепий,асда,1-4388787,
88 сди ,йепий,цеп,1-4388910,
88 сди ,йепий,DATA,1-4388050,
88 сди ,йепий,DATA,1-4388252,
88 сди ,йепий,DATA,1-4388911,
сдб-472 тепп ,диоийгсг,дйтгс,1-2511000,
сдб-472 тепп ,диоийгсг,упдйтгс,1-2511005,
сдб-472 тепп ,диоийгсг,дмтгс споудым,1-2511002,
сдб-472 тепп ,епитекеио,1О цяажеио/дмтгс,1-2511101,
сдб-472 тепп ,епитекеио,2О цяажеио/дмтгс,1-2511202,
сдб-472 тепп ,епитекеио,3О цяажеио/дмтгс,1-2511303,
сдб-472 тепп ,епитекеио,4О цяажеио/дмтгс,1-2511404,
сдб-472 тепп ,коипа,аеас,1-2513000,
сдб-472 тепп ,коипа,дйтгс йепий,1-2511701,
сдб-472 тепп ,коипа,FAX,1-2511790,
сдб-472 тепп ,коипа,тлгла ╚еялгс╩,1-2511702,
сдб-472 тепп ,472 тепп,дйтгс,1-3747200,
сдб-472 тепп ,472 тепп,дйтгс клеа,1-3747207,
сдб-472 тепп ,472 тепп,епийежакгс апостокым 1,1-3747271,
сдб-472 тепп ,472 тепп,епийежакгс апостокым 2,1-3747272,
сдб-472 тепп ,472 тепп,епийежакгс апостокым 3,1-3747273,
сдб-472 тепп ,472 тепп,диавеияистгс сустглатос,1-3747274,
сдб-472 тепп ,472 тепп,аихоуса епивеиягсеым,1-3747232,
сдб-472 тепп ,472 тепп,йкыбос сефл ╚еялгс╩,1-7760200,
леяуп ,диоийгсг,дйтгс,1-2011000,
леяуп ,диоийгсг,упдйтгс,1-2011005,
леяуп ,диоийгсг,епвгс,1-2011002,
леяуп ,диоийгсг,а╢бе,1-2011006,
леяуп ,диоийгсг,б╢бе,1-2011007,
леяуп ,епитекеио,1О ец/дмтгс,1-2011100,
леяуп ,епитекеио,2О ец/дмтгс,1-2011200,
леяуп ,епитекеио,2О ец/тлгла 2о (пкгяожояиым),1-2011202,
леяуп ,епитекеио,3О ец/дмтгс,1-2011300,
леяуп ,епитекеио,3О ец/тлгла 1о (сведиым епвсеым-пяостасиас думалеым),1-2011301,
леяуп ,епитекеио,3О ец/йепив,1-2011303,
леяуп ,епитекеио,4О ец/дмтгс,1-2011400,
леяуп ,епитекеио,4О ец/тлгла 2о (йимгсеыс-летж/яым суцйоимымиым),1-2011402,
леяуп ,епитекеио,4О ец/тлгла 3о (свдиым дл-епвсеым),1-2011403,
леяуп ,епитекеио,7О ец/дмтгс,1-2011441,
леяуп ,епитекеио,деуе,1-2011421,
леяуп ,епитекеио,дел/дмтгс,1-2011470,
леяуп ,епитекеио,"дел/тлгла 3о (сведиа,ояцамысг-ейпсеыс-епс)",1-2011473,
леяуп ,епитекеио,дуп/дмтгс,1-2011440,
леяуп ,епитекеио,дуп/тлгла 4о (пуяолавийа),1-2011444,
леяуп ,епитекеио,дтв/дмтгс,1-2011420,
леяуп ,епитекеио,дуц/дмтгс,1-2011460,
леяуп ,епитекеио,ддб/дмтгс,1-2011600,
леяуп ,коипа,сдиеп/дйтгс,1-2512000,
леяуп ,коипа,486 тдб/дйтгс,1-3748600,
леяуп ,коипа,486 тдб/дйтгс йепий,1-3748701,
леяуп ,коипа,486 тдб/йкыбос сефл ╚еялгс╩,1-7713861,
леяуп ,коипа,486 тдб/йепий (DATA),1-7148682,
цем ,,а/цем,1-1801000,
цем ,,у/цем,1-1801006,
цем ,,дйа,1-1801300,
цем ,,цем/йепив,1-1801330,
цем ,,д/а2,1-1801211,
цем ,,д/а3,1-1801312,
цем ,,д/а5,1-1801318,
аявгцеио стокоу ,,ас,1-1802000,
аявгцеио стокоу ,,у/ас,1-1802001,
аявгцеио стокоу ,,ае/ас,1-1802002,
аявгцеио стокоу ,,дйа,1-1802300,
аявгцеио стокоу ,,д/а1,1-1802301,
аявгцеио стокоу ,,дад/епив,1-1802311,
аявгцеио стокоу ,,джц/епив,1-1802332,
аявгцеио стокоу ,,тл/вгс а3-иии,1-1802333,
аявгцеио стокоу ,,д/а3,1-1802303,
аявгцеио стокоу ,,д/а4,1-1802304,
аявгцеио стокоу ,,пяоисталемос ей/сак,1-1802160,
аявгцеио стокоу ,,д/цас,1-1802012,
аявгцеио стокоу ,,епитекеио у/ас,1-1802041,
сдал ,,д ас/йепив,1-1803300,
сдал ,,д/а2,1-1803200,
сдал ,,тл/вгс йепив и,1-1803331,
сдал ,,анйос упгяесиас,1-1803230,
сдал ,,епоптгс пкгяожояиым,1-1803221,
сдал ,,епоптгс аея/йым епив(MACA),1-1803222,
сдал ,,диеухеп,1-1803301,
сдал ,,диеухеп,1-1803302,
сдал ,,CELL стовопоигсгс,1-1803332,
сдал ,,CELL дл,1-1803333,
сдал ,,епижамеиа,1-1803240,
сдал ,,сумдеслос с.н.,1-1803171,
сдал ,,сумдеслос п.а.,1-1803172,
сдал - ехйепив ,,олада оте,1-1300301,
сдал - ехйепив ,,йеепив,1-1300300,
сдал - ехйепив ,,осеу,1-1300303,
сдал - ехйепив ,,дйсегп,1-1300306,
сдал - ехйепив ,,йсееп,1-1300307,
сдал - ехйепив ,,йепкг/од-сп,1-1300320,
сдал - ехйепив ,,ос-сте/осле,1-1300322,
сдал - ехйепив ,,цяажеио а/цес,1-1300200,
цеA ,,а/цеа,1-1901000,
цеA ,,у/цеа,1-1901001,
цеA ,,д а╢й,1-1901300,
цеA ,,д/а1(дмсг епивеиягсеым),1-1901330,
цеA ,,йепив/д,1-1901331,
цеA ,,йепив/д епивеиягсеым,1-1901333,
ATA ,,а/та,1-1902000,
ATA ,,у/та,1-1902001,
ATA ,,е/ата,1-1902002,
ATA ,,д а╢й,1-1902300,
ATA ,,ейае/ця. а/та(авиккеио),1-1902331,
ATA ,,ейае/дмтгс,1-1902330,
130 сл ,,дйтгс,1-3913000,
130 сл ,,удйтгс,1-3913001,
130 сл ,,COC/д,1-3913030,
130 сл ,,COC/дее,1-3913033,
130 сл ,,COC/дуп,1-3913035,
130 сл ,,COC/ежедяийо,1-3913039,
135 сл ,,дйтгс,1-3913500,
135 сл ,,удйтгс,1-3913501,
135 сл ,,дее (амемеяцо),1-3913503,
135 сл ,,дуп (амемеяцо),1-3913550,
135 сл ,,READINESS (амемеяцо),1-3913520,
135 сл ,,пеп (амемеяцо),1-3913560,
135 сл ,,COC/дйтгс (амемеяцо),1-3913530,
135 сл ,,ежедяийо COC/дйтгс (амемеяцо),1-3913539,
135 сл ,,COC/дее-анйос COC (амемеяцо),1-3913533,
135 сл ,,ежедяийо COC/дее (амемеяцо),1-3913538,
135 сл ,,дйтгс 435 лаж (амемеяцо),1-4943500,
135 сл ,,дйтгс 22 лйб (амемеяцо),1-4902200,
135 сл ,,кех сйуяоу,1-3913509,
дилупе ,,дилупе,1-2511250,
дилупе ,,100 купе,1-4225251,
дилупе ,,Iг дяиа/100 купе,1-3316250,
дилупе ,,IIг дяиа/100 купе,1-3312250,
дилупе ,,3г олада/IIгс дяиас/100 купе,1-4350253,
дилупе ,,3г олада/IIIгс дяиас/100 купе,1-4329253,
дилупе ,,101 купе,,
дилупе ,,1г олада/IIIгс дяиас/101 купе,1-3395251,
дилупе ,,2г олада/Iгс дяиас/101 купе,1-4380252,
дилупе ,,3г олада/Iгс дяиас/101 купе,1-4379253,
дилупе ,,1г олада/IIгс дяиас/101 купе,1-3398250,
дилупе ,,2г олада/IIгс дяиас/101 купе,1-4396252,
дилупе ,,3г олада/IIгс дяиас/101 купе,1-4388253,
