Επιτελείο - Σχηματισμός,Α/Α (ανα σχηματισμό),Ανταποκριτής,Αριθμός SIP,Συσκευή
ΥΠΕΘΑ,1,ΥΦΥΠΟΥΡΓΟΣ ΕΘΝ. ΑΜΥΝΑΣ,10002,KINHTO
ΥΠΕΘΑ,2,ΥΠΟΥΡΓΟΣ ΕΘΝ. ΑΜΥΝΑΣ,10001,KINHTO
ΓΕΕΘΑ,1,ΔΔΕΕ/ΔΚΤΗΣ,11750,KINHTO
ΓΕΕΘΑ,2,ΔΔΕΕ/ΥΔΚΤΗΣ,11751,KINHTO
ΓΕΕΘΑ,3,«Δ1»,11752,KINHTO - TRACK HARP
ΓΕΕΘΑ,4,ΔΥΝΑΜΗ «Δ2»,11753,KINHTO - TRACK HARP
ΓΕΕΘΑ,5,ΔΔΕΕ/ΚΕΠΙΧ,11759,H/Y - TRACK HARP
ΓΕΕΘΑ,6,ΔΔΕΕ/ΚΕΠΙΧ,11760,KINHTO
ΓΕΕΘΑ,7,Ζ’ ΜΑΚ/ΔΚΤΗΣ,11786,KINHTO - TRACK HARP
ΓΕΕΘΑ,8,ΔΚΤΗΣ «Δ1»,11733,KINHTO - TRACK HARP
ΓΕΕΘΑ,9,ΔΚΤΗΣ 12Ω,11735,KINHTO - TRACK HARP
ΓΕΕΘΑ,10,ΒΕΕ (ΒΑΣΗ ΕΙΔ. ΕΠΙΧ),11737,KINHTO - TRACK HARP
ΓΕΕΘΑ,11,ΤΕΕ 2ου ΛΚ,11734,KINHTO - TRACK HARP
ΓΕΕΘΑ,12,ΤΕΕ 4ου ΛΚ,13411,KINHTO - TRACK HARP
ΓΕΕΘΑ,13,ΤΕΕ 3ου ΛΚ,11732,KINHTO - TRACK HARP
ΓΕΕΘΑ,14,ΤΕΕ 1ου ΛΚ,11736,KINHTO - TRACK HARP
ΓΕΕΘΑ,15,ΔΚΤΗΣ «Δ2»,11731,KINHTO - TRACK HARP
ΓΕΕΘΑ,16,ΥΔΚΤΗΣ 12Ω /Ζ’ΜΑΚ (ΕΦΕΔΡΙΚΟ),13410,KINHTO - TRACK HARP
ΓΕΕΘΑ,17,2ο ΤΕΕ 4ου ΛΚ /2η ΔΡΙΑ 12Ω,11708,KINHTO - TRACK HARP
ΓΕΕΘΑ,18,ΥΔΚΤΗΣ «Δ1 »,11705,KINHTO - TRACK HARP
ΓΕΕΘΑ,19,ΥΔΚΤΗΣ «Δ2»,11706,KINHTO - TRACK HARP
ΓΕΕΘΑ,20,2ο ΤΕΕ 3ου ΛΚ/1η ΔΡΙΑ 12Ω,11707,KINHTO - TRACK HARP
ΓΕΕΘΑ,21,ΑΞ/ΚΟΣ ΣΥΝΔΕΣΜΟΣ ΕΤΑ,11789,KINHTO - TRACK HARP
ΓΕΕΘΑ,22,ΒΕΕ ΕΤΑ (ΒΑΣΗ ΕΙΔ. ΕΠΙΧ),11790,KINHTO - TRACK HARP
ΓΕΕΘΑ,23,ΕΤΑ / 1η ΕΟ,11787,KINHTO - TRACK HARP
ΓΕΕΘΑ,24,ΕΤΑ/ΔΚΤΗΣ,11785,KINHTO - TRACK HARP
ΓΕΕΘΑ,25,ΕΤΑ / 2η ΕΟ,11788,KINHTO - TRACK HARP
ΓΕΕΘΑ,26,ΕΤΑ / 4η ΕΟ,11792,KINHTO
ΓΕΕΘΑ,27,ΕΤΑ / 3η ΕΟ,11791,KINHTO
ΓΕΕΘΑ,28,865 ΤΕΝΕΦ/ΔΚΤΗΣ,11755,KINHTO - TRACK HARP
ΓΕΕΘΑ,29,ΕΤΑ / 5η ΕΟ,11703,KINHTO
ΓΕΕΘΑ,30,ΕΤΑ / 6η ΕΟ,11704,KINHTO
ΓΕΕΘΑ,31,ΔΚΤΗΣ 1ου ΤΕΕ / ΕΤΑ,11728,KINHTO
ΓΕΕΘΑ,32,ΔΚΤΗΣ 2ου ΤΕΕ / ΕΤΑ,11756,KINHTO
ΓΕΕΘΑ,33,ΔΚΤΗΣ 3ου ΤΕΕ / ΕΤΑ,11757,KINHTO
ΓΕΕΘΑ,34,ΜΑΕΕ/ΔΚΤΗΣ,11758,KINHTO
ΓΕΕΘΑ,35,865 ΤΕΝΕΦ / 1ο ΑΕΡΟΠΛΗΡΩΜΑ,11830,KINHTO - TRACK HARP
ΓΕΕΘΑ,36,865 ΤΕΝΕΦ / 2ο ΑΕΡΟΠΛΗΡΩΜΑ,11831,KINHTO - TRACK HARP
ΓΕΕΘΑ,37,Ζ' ΜΑΚ/ΒΕΕ/ΚΕΠΙΧ,11738,H/Y - TRACK HARP
ΓΕΕΘΑ,38,Ζ' ΜΑΚ/ΑΞΚΟΣ 3ου ΓΡΑΦΕΙΟΥ,11653,KINHTO
ΓΕΕΘΑ,39,Ζ' ΜΑΚ/ΑΞΚΟΣ ΕΠΙΚΟΙΝΩΝΙΩΝ,11654,KINHTO
ΓΕΕΘΑ,40,Ζ' ΜΑΚ/ΔΚΤΗΣ ΤΜ/ΤΟΣ ΣΧ. ΧΕΛΜΟΣ,11655,KINHTO
ΓΕΕΘΑ,41,Ζ' ΜΑΚ/ΔΡΙΤΗΣ 1ης ΔΥΝΑΜΗΣ Δ1,11656,KINHTO
ΓΕΕΘΑ,42,Ζ' ΜΑΚ/ΔΡΙΤΗΣ 2ης ΔΥΝΑΜΗΣ Δ1,11657,KINHTO
ΓΕΕΘΑ,43,Ζ' ΜΑΚ/ΔΡΙΤΗΣ 1ης ΔΥΝΑΜΗΣ Δ2,11658,KINHTO
ΓΕΕΘΑ,44,Ζ' ΜΑΚ/ΔΡΙΤΗΣ 2ης ΔΥΝΑΜΗΣ Δ2,11662,KINHTO
ΓΕΕΘΑ,45,Ζ' ΜΑΚ/ΔΡΙΤΗΣ 1ης 12ΩΡΗΣ,11663,KINHTO
ΓΕΕΘΑ,46,Ζ' ΜΑΚ/ΔΡΙΤΗΣ 2ης 12ΩΡΗΣ,11664,KINHTO
ΓΕΕΘΑ,47,ΕΤΑ/ΑΞΚΟΣ 3ου ΓΡΑΦΕΙΟΥ,11665,KINHTO - TRACK HARP
ΓΕΕΘΑ,48,ΕΤΑ/ΟΜΧΗΣ 1ης ΕΟ/1ου ΤΕΕ,11667,KINHTO
ΓΕΕΘΑ,49,ΕΤΑ/ΟΜΧΗΣ 2ης ΕΟ/1ου ΤΕΕ,11668,KINHTO
ΓΕΕΘΑ,50,ΕΤΑ/ΑΞΚΟΣ 4ου ΓΡΑΦΕΙΟΥ,11671,KINHTO - TRACK HARP
ΓΕΕΘΑ,51,ΕΤΑ/ΟΜΧΗΣ 1ης ΕΟ/2ου ΤΕΕ,11672,KINHTO - TRACK HARP
ΓΕΕΘΑ,52,ΕΤΑ/ΟΜΧΗΣ 2ης ΕΟ/2ου ΤΕΕ,11673,KINHTO - TRACK HARP
ΓΕΕΘΑ,53,ΕΤΑ/ΔΚΤΗΣ ΛΟΧΟΥ ΥΠΟΣΤΗΡΙΞΗΣ,11674,KINHTO - TRACK HARP
ΓΕΕΘΑ,54,ΕΤΑ/ΟΜΧΗΣ 1ης ΕΟ/3ου ΤΕΕ,11675,KINHTO
ΓΕΕΘΑ,55,ΕΤΑ/ΟΜΧΗΣ 2ης ΕΟ/3ου ΤΕΕ,11676,KINHTO
ΓΕΕΘΑ,56,ΕΤΑ/ΔΚΤΗΣ ΛΟΧΟΥ ΥΠ/ΞΗΣ ΜΑΧΗΣ,11677,KINHTO
ΓΕΕΘΑ,57,ΕΤΑ/1ο ΣΤΟΙΧΕΙΟ ΕΣΕΑ,11682,KINHTO
ΓΕΕΘΑ,58,ΕΤΑ/ΧΕΙΡΙΣΤΗΣ ΣμηΕΑ,11683,KINHTO
ΓΕΕΘΑ,59,ΤΝΕΕ/ΔΚΤΗΣ,11975,KINHTO
ΓΕΕΘΑ,60,ΤΝΕΕ/ΥΔΚΤΗΣ,11976,KINHTO
ΓΕΕΘΑ,61,ΤΝΕΕ/ΤΜΧΗΣ ΕΠΙΧΕΙΡΗΣΕΩΝ,11977,KINHTO
ΓΕΕΘΑ,62,ΤΝΕΕ/ΤΜΧΗΣ ΠΛΗΡΟΦΟΡΙΩΝ,11978,KINHTO
ΓΕΕΘΑ,63,ΤΝΕΕ/ΕΠΙΚΕΦΑΛΗΣ ΟΑΠ 1,11979,KINHTO
ΓΕΕΘΑ,64,ΤΝΕΕ/ΒΟΗΘΟΣ ΟΜΑΔΑΡΧΗ ΟΑΠ 1,11980,KINHTO
ΓΕΕΘΑ,65,ΤΝΕΕ/ΕΠΙΚΕΦΑΛΗΣ ΟΑΠ 2,11981,KINHTO
ΓΕΕΘΑ,66,ΤΝΕΕ/ΒΟΗΘΟΣ ΟΜΑΔΑΡΧΗ ΟΑΠ 2,11982,KINHTO
ΓΕΕΘΑ,67,ΤΝΕΕ/ΧΕΙΡ. ΠΛΩΤΩΝ ΜΕΣΩΝ ΟΑΠ 1,11983,KINHTO
ΓΕΕΘΑ,68,ΤΝΕΕ/ΧΕΙΡ. ΠΛΩΤΩΝ ΜΕΣΩΝ ΟΑΠ 2,11984,KINHTO
ΓΕΕΘΑ,69,ΜΑΕΕ/ΥΔΚΤΗΣ,11995,KINHTO
ΓΕΕΘΑ,70,ΜΑΕΕ/ΑΙΘΟΥΣΑ ΕΠΙΧΕΙΡΗΣΕΩΝ,11996,KINHTO
ΓΕΕΘΑ,71,ΜΑΕΕ/ΚΥΒΕΡΝΗΤΗΣ 1ου Ε/Π ΝΗ-90,11997,KINHTO
ΓΕΕΘΑ,72,ΜΑΕΕ/ΚΥΒΕΡΝΗΤΗΣ 2ου Ε/Π ΝΗ-90,11998,KINHTO
ΓΕΕΘΑ,73,ΜΑΕΕ/ΚΥΒΕΡΝΗΤΗΣ 1ου Ε/Π CH-47,11999,KINHTO
ΓΕΕΘΑ,74,ΜΑΕΕ/ΚΥΒΕΡΝΗΤΗΣ 2ου Ε/Π CH-47,11684,KINHTO
ΓΕΕΘΑ,75,ΚΕΠΙΧ,10108,H/Y - TRACK HARP
ΓΕΕΘΑ,76,MAEE,11385,H/Y
ΓΕΕΘΑ,77,865 ΤΕΝΕΦ/ΚΕΠΙΧ,11801,H/Y - TRACK HARP
ΓΕΕΘΑ,78,ΔΕΠ/ΥΔΚΤΗΣ,10107,KINHTO
ΓΕΕΘΑ,79,ΔΕΠ/ΔΝΤΗΣ 2ου ΕΓ,11458,KINHTO
ΓΕΕΘΑ,80,ΔΕΠ/ΔΝΤΗΣ 3ου ΕΓ,11629,KINHTO
ΓΕΕΘΑ,81,ΔΕΠ/ΕΠΧΗΣ,11212,KINHTO
ΓΕΕΘΑ,82,ΠΒΚ/ΔΙΕΥΘΥΝΤΗΣ Α ΚΛΑΔΟΥ,11387,H/Y
ΓΕΕΘΑ,83,ΠΒΚ/ΔΙΕΥΘΥΝΣΗ ΑΣΦΑΛΕΙΑΣ ΒΟΛΩΝ,11448,H/Y
ΓΕΕΘΑ,84,ΠΒΚ/ΣΤΑΘΜΟΣ ΡΑΝΤΑΡ 2(ΒΑΣΙΛΙΚΟ),11804,H/Y
ΓΕΕΘΑ,85,ΠΒΚ/ΣΤΑΘΜΟΣ ΡΑΝΤΑΡ 4 (ΘΗΡΑ),11808,H/Y
ΓΕΕΘΑ,86,ΠΒΚ/ΣΤΑΘΜΟΣ ΡΑΝΤΑΡ 5 (ΣΤΑΥΡΟΣ),11805,H/Y
ΓΕΕΘΑ,87,ΠΒΚ/ΣΤΑΘΜΟΣ ΡΑΝΤΑΡ 6 (ΔΡΑΠΑΝΟ),11806,H/Y
ΓΕΕΘΑ,88,ΠΒΚ/ΙΑΤΡΟΣ,11807,H/Y
ΓΕΕΘΑ,89,ΠΒΚ/Range Cntrl Building (RCB),11802,H/Y
ΓΕΕΘΑ,90,ΠΒΚ/ΓΡΑΜΜΑΤΕΙΑ Α ΚΛΑΔΟΥ,11699,H/Y
ΓΕΕΘΑ,91,ΠΒΚ/ΠΥΡΟΒΟΛΑΡΧΙΑ ΑΣΦΑΛΕΙΑΣ,11447,H/Y
ΓΕΣ,1,ΑΡΧΗΓΟΣ ΓΕΣ,11100,KINHTO
ΓΕΣ,2,ΓΕΠΣ,11101,KINHTO
ΓΕΣ,3,ΕΠΙΤΕΛΑΡΧΗΣ ΓΕΣ,11102,KINHTO
ΓΕΣ,4,ΥΠΑΡΧΗΓΟΣ ΓΕΣ,11103,KINHTO
ΓΕΣ,5,Α΄ ΚΛ ΔΝΤΗΣ ΓΕΣ,11104,KINHTO
ΓΕΣ,6,ΔΝΤΗΣ ΔΙΠΑ,11105,KINHTO
ΓΕΣ,7,ΕΓΑ ΓΕΣ,11106,KINHTO
ΓΕΣ,8,ΣΥΝΤΟΝΙΣΤΗΣ ΓΕΣ,11110,KINHTO
ΓΕΣ,9,ΓΕΣ / ΚΕΠΙΧ,10111,H/Y
ΓΕΣ,10,ΓΕΣ/ΔΔΒ-ΕΠ/ΔΝΤΗΣ,11107,KINHTO
ΓΕΣ,11,ΓΕΣ/ΔΔΒ-ΕΠ/3Ε,20222,H/Y
ΓΕΣ,12,ΓΕΣ/ΔΔΒ-ΕΠ/3Ε,11328,KINHTO
ΓΕΣ,13,ΓΕΣ/ΔΔΒ-ΕΠ/3ο/ΔΝΤΗΣ,20210,KINHTO
ΓΕΣ,14,ΦΥΛΑΚΙΟ ΠΑΡΝΗΘΑΣ,11741,KINHTO
ΓΕΣ,15,ΓΕΣ/ΚΕΠΙΚ 2,20109,KINHTO - TRACK HARP
ΓΕΣ,16,HELP DESK ΓΕΣ,20212,H/Y - TRACK HARP
ΓΕΣ,17,ΓΕΣ HELP DESK 2,20230,H/Y
ΓΕΣ,18,TEST PC VM,20300,H/Y
ΓΕΣ,19,ΓΕΣ/ΚΕΠΙΚ 1,12215,KINHTO
ΓΕΣ,20,ΔΟΥΡΕΙΟΣ ΙΠΠΟΣ 1,11564,KINHTO
ΓΕΣ,21,ΔΟΥΡΕΙΟΣ ΙΠΠΟΣ 2,11565,KINHTO
ΓΕΣ,22,ΔΟΥΡΕΙΟΣ ΙΠΠΟΣ 3,11011,KINHTO
1η ΣΤΡΑΤΙΑ,1,1η ΣΤΡΑΤΙΑ/ΔΚΤΗΣ,11200,KINHTO
1η ΣΤΡΑΤΙΑ,2,1 ΣΤΡΑΤΙΑ/ΥΔΚΤΗΣ,11202,KINHTO
1η ΣΤΡΑΤΙΑ,3,1 ΣΤΡΑΤΙΑ/ΕΠΧΗΣ,11201,KINHTO
1η ΣΤΡΑΤΙΑ,4,1η ΣΤΡΑΤΙΑ/ΑΞΚΟΣ ΣΥΝΔ/ΜΟΣ «Δ3»,11214,KINHTO
1η ΣΤΡΑΤΙΑ,5,1 ΣΤΡΑΤΙΑ/ΚΕΠΙΧ,11211,H/Y - TRACK HARP
1η ΣΤΡΑΤΙΑ,6,1η ΣΤΡΑΤΙΑ/KΕΠΙΚ,11213,H/Y - TRACK HARP
1η ΣΤΡΑΤΙΑ,7,1η ΣΤΡΑΤΙΑ/ΔΔΒ-Π/ΔΚΤΗΣ,11330,KINHTO
1η ΣΤΡΑΤΙΑ,8,1η ΣΤΡΑΤΙΑ/ΚΕΠΙΧ 1,11631,H/Y
1η ΣΤΡΑΤΙΑ,9,1 ΣΤΡΑΤΙΑ Κ,11445,H/Y - TRACK HARP
1η ΣΤΡΑΤΙΑ,10,ΣΤΡΑΤΙΑ 61,10100,KINHTO - TRACK HARP
1η ΣΤΡΑΤΙΑ,11,ΣΤΡΑΤΙΑ 62,10101,KINHTO - TRACK HARP
1η ΣΤΡΑΤΙΑ,12,ΣΤΡΑΤΙΑ 63,10102,KINHTO - TRACK HARP
1η ΣΤΡΑΤΙΑ,13,ΣΤΡΑΤΙΑ 1,10103,KINHTO - TRACK HARP
1η ΣΤΡΑΤΙΑ,14,ΣΤΡΑΤΙΑ 2,10104,KINHTO - TRACK HARP
1η ΣΤΡΑΤΙΑ,15,ΣΤΡΑΤΙΑ 3,10105,KINHTO - TRACK HARP
1η ΣΤΡΑΤΙΑ,16,ΣΤΡΑΤΙΑ 4,10106,KINHTO - TRACK HARP
1η ΣΤΡΑΤΙΑ,17,ΣΤΡΑΤΙΑ 5,10109,KINHTO - TRACK HARP
1η ΣΤΡΑΤΙΑ,18,ΣΤΡΑΤΙΑ 6,10110,KINHTO - TRACK HARP
1η ΣΤΡΑΤΙΑ,19,ΣΤΡΑΤΙΑ 7,10112,KINHTO - TRACK HARP
1η ΣΤΡΑΤΙΑ,20,ΣΤΡΑΤΙΑ 8,10113,KINHTO - TRACK HARP
1η ΣΤΡΑΤΙΑ,21,ΣΤΡΑΤΙΑ 9,10114,KINHTO - TRACK HARP
1η ΣΤΡΑΤΙΑ,22,ΣΤΡΑΤΙΑ 10,10115,KINHTO - TRACK HARP
1η ΣΤΡΑΤΙΑ,23,ΣΤΡΑΤΙΑ 11,11302,KINHTO - TRACK HARP
1η ΣΤΡΑΤΙΑ,24,ΣΤΡΑΤΙΑ 12,11303,KINHTO - TRACK HARP
1η ΣΤΡΑΤΙΑ,25,ΣΤΡΑΤΙΑ 13,11311,KINHTO - TRACK HARP
1η ΣΤΡΑΤΙΑ,26,ΣΤΡΑΤΙΑ 14,11312,KINHTO - TRACK HARP
1η ΣΤΡΑΤΙΑ,27,ΣΤΡΑΤΙΑ 15,11313,KINHTO - TRACK HARP
1η ΣΤΡΑΤΙΑ,28,ΣΤΡΑΤΙΑ 16,11314,KINHTO - TRACK HARP
1η ΣΤΡΑΤΙΑ,29,ΣΤΡΑΤΙΑ 17,11315,KINHTO - TRACK HARP
1η ΣΤΡΑΤΙΑ,30,ΣΤΡΑΤΙΑ 18,11348,KINHTO - TRACK HARP
1η ΣΤΡΑΤΙΑ,31,ΣΤΡΑΤΙΑ 19,11386,KINHTO - TRACK HARP
1η ΣΤΡΑΤΙΑ,32,ΣΤΡΑΤΙΑ 20,11402,KINHTO - TRACK HARP
1η ΣΤΡΑΤΙΑ,33,ΣΤΡΑΤΙΑ 21,11476,KINHTO - TRACK HARP
1η ΣΤΡΑΤΙΑ,34,ΣΤΡΑΤΙΑ 22,11477,KINHTO - TRACK HARP
1η ΣΤΡΑΤΙΑ,35,ΣΤΡΑΤΙΑ 23,11554,KINHTO - TRACK HARP
1η ΣΤΡΑΤΙΑ,36,ΣΤΡΑΤΙΑ 24,11555,KINHTO - TRACK HARP
1η ΣΤΡΑΤΙΑ,37,ΣΤΡΑΤΙΑ 25,11602,KINHTO - TRACK HARP
1η ΣΤΡΑΤΙΑ,38,ΣΤΡΑΤΙΑ 26,11678,KINHTO - TRACK HARP
1η ΣΤΡΑΤΙΑ,39,ΣΤΡΑΤΙΑ 27,12214,KINHTO - TRACK HARP
1η ΣΤΡΑΤΙΑ,40,ΣΤΡΑΤΙΑ 28,11764,KINHTO - TRACK HARP
1η ΣΤΡΑΤΙΑ,41,ΣΤΡΑΤΙΑ 29,12212,KINHTO - TRACK HARP
1η ΣΤΡΑΤΙΑ,42,ΣΤΡΑΤΙΑ 30,12213,KINHTO - TRACK HARP
1η ΣΤΡΑΤΙΑ,43,ΣΤΡΑΤΙΑ 31,12216,KINHTO - TRACK HARP
1η ΣΤΡΑΤΙΑ,44,ΣΤΡΑΤΙΑ 32,12610,KINHTO - TRACK HARP
1η ΣΤΡΑΤΙΑ,45,ΣΤΡΑΤΙΑ 33,13000,KINHTO - TRACK HARP
1η ΣΤΡΑΤΙΑ,46,ΣΤΡΑΤΙΑ 34,20101,KINHTO - TRACK HARP
1η ΣΤΡΑΤΙΑ,47,ΣΤΡΑΤΙΑ 35,20104,KINHTO - TRACK HARP
1η ΣΤΡΑΤΙΑ,48,ΣΤΡΑΤΙΑ 36,11204,KINHTO - TRACK HARP
1η ΣΤΡΑΤΙΑ,49,ΣΤΡΑΤΙΑ 37,11205,KINHTO - TRACK HARP
1η ΣΤΡΑΤΙΑ,50,ΣΤΡΑΤΙΑ 38,11206,KINHTO - TRACK HARP
1η ΣΤΡΑΤΙΑ,51,ΣΤΡΑΤΙΑ 39,11207,KINHTO - TRACK HARP
1η ΣΤΡΑΤΙΑ,52,ΣΤΡΑΤΙΑ 40,11208,KINHTO - TRACK HARP
1η ΣΤΡΑΤΙΑ,53,ΣΤΡΑΤΙΑ 41,11209,KINHTO - TRACK HARP
1η ΣΤΡΑΤΙΑ,54,ΣΤΡΑΤΙΑ 42,11210,KINHTO - TRACK HARP
1η ΣΤΡΑΤΙΑ,55,ΣΤΡΑΤΙΑ 43,11215,KINHTO - TRACK HARP
1η ΣΤΡΑΤΙΑ,56,ΣΤΡΑΤΙΑ 44,11216,KINHTO - TRACK HARP
1η ΣΤΡΑΤΙΑ,57,ΣΤΡΑΤΙΑ 45,11217,KINHTO - TRACK HARP
1η ΣΤΡΑΤΙΑ,58,ΣΤΡΑΤΙΑ 46,11218,KINHTO - TRACK HARP
1η ΣΤΡΑΤΙΑ,59,ΣΤΡΑΤΙΑ 47,11219,KINHTO - TRACK HARP
1η ΣΤΡΑΤΙΑ,60,ΣΤΡΑΤΙΑ 48,11220,KINHTO - TRACK HARP
1η ΣΤΡΑΤΙΑ,61,ΣΤΡΑΤΙΑ 49,11221,KINHTO - TRACK HARP
1η ΣΤΡΑΤΙΑ,62,ΣΤΡΑΤΙΑ 50,11222,KINHTO - TRACK HARP
1η ΣΤΡΑΤΙΑ,63,ΣΤΡΑΤΙΑ 51,11223,KINHTO - TRACK HARP
1η ΣΤΡΑΤΙΑ,64,ΣΤΡΑΤΙΑ 52,11224,KINHTO - TRACK HARP
1η ΣΤΡΑΤΙΑ,65,ΣΤΡΑΤΙΑ 53,11225,KINHTO - TRACK HARP
1η ΣΤΡΑΤΙΑ,66,ΣΤΡΑΤΙΑ 54,11226,KINHTO - TRACK HARP
1η ΣΤΡΑΤΙΑ,67,ΣΤΡΑΤΙΑ 55,11227,KINHTO - TRACK HARP
1η ΣΤΡΑΤΙΑ,68,ΣΤΡΑΤΙΑ 56,11228,KINHTO - TRACK HARP
1η ΣΤΡΑΤΙΑ,69,ΣΤΡΑΤΙΑ 57,11229,KINHTO - TRACK HARP
1η ΣΤΡΑΤΙΑ,70,ΣΤΡΑΤΙΑ 58,11230,KINHTO - TRACK HARP
1η ΣΤΡΑΤΙΑ,71,ΣΤΡΑΤΙΑ 59,11231,KINHTO - TRACK HARP
1η ΣΤΡΑΤΙΑ,72,ΣΤΡΑΤΙΑ 60,11232,KINHTO - TRACK HARP
1η ΣΤΡΑΤΙΑ,73,1η ΤΑΞΑΣ/ΔΚΤΗΣ,11720,KINHTO - TRACK HARP
1η ΣΤΡΑΤΙΑ,74,1η ΤΑΞΑΣ/ΥΔΚΤΗΣ,11721,KINHTO
1η ΣΤΡΑΤΙΑ,75,1ο ΤΕΕΠ/ΔΚΤΗΣ,11778,KINHTO - TRACK HARP
1η ΣΤΡΑΤΙΑ,76,1ο ΤΕΕΠ/ΤΧΕ,11797,KINHTO - TRACK HARP
1η ΣΤΡΑΤΙΑ,77,2ο ΤΕΕΠ/ΤΧΕ,11798,KINHTO - TRACK HARP
1η ΣΤΡΑΤΙΑ,78,1ο ΤΕΑΣ/ΔΚΤΗΣ,11793,KINHTO
1η ΣΤΡΑΤΙΑ,79,1ο ΤΕΑΣ/ΤΧΕ,11799,KINHTO - TRACK HARP
1η ΣΤΡΑΤΙΑ,80,1 ΤΑΞΑΣ/ΚΕΠΙΧ,11729,H/Y
1η ΣΤΡΑΤΙΑ,81,3ο ΤΕΑΣ/ΔΚΤΗΣ,11795,KINHTO - TRACK HARP
1η ΣΤΡΑΤΙΑ,82,3ο ΤΕΑΣ/ΤΧΕ,11723,KINHTO - TRACK HARP
1η ΣΤΡΑΤΙΑ,83,2o ΣΥΑΣ/ΔΚΤΗΣ,11777,KINHTO - TRACK HARP
1η ΣΤΡΑΤΙΑ,84,2ο ΤΕΑΣ/ΔΚΤΗΣ,11794,KINHTO - TRACK HARP
1η ΣΤΡΑΤΙΑ,85,2ο ΤΕΑΣ/ΤΧΕ,11722,KINHTO - TRACK HARP
1η ΣΤΡΑΤΙΑ,86,4ο ΤΕΑΣ/ΔΚΤΗΣ,11796,KINHTO - TRACK HARP
1η ΣΤΡΑΤΙΑ,87,4ο ΤΕΑΣ/ΤΧΕ,11724,KINHTO - TRACK HARP
1η ΣΤΡΑΤΙΑ,88,2ο ΤΕΕΠ/ΔΚΤΗΣ,11779,KINHTO - TRACK HARP
1η ΣΤΡΑΤΙΑ,89,1η ΤΑΞΑΣ/ ΠΡΟΚΕΧ. ΤΜΗΜΑ ΕΕ/Π,11329,KINHTO
1η ΣΤΡΑΤΙΑ,90,Ε.Ε/Π 1 NSE/eNRF,11744,KINHTO
1η ΣΤΡΑΤΙΑ,91,Ε.Ε/Π 2 NSE/eNRF,11745,KINHTO
1η ΣΤΡΑΤΙΑ,92,1ο ΤΕΕΠ/ΔΔ,11535,KINHTO - TRACK HARP
1η ΣΤΡΑΤΙΑ,93,1ο ΤΕΕΠ/ΔΔ2,11536,KINHTO - TRACK HARP
1η ΣΤΡΑΤΙΑ,94,2ο ΤΕΕΠ/ΔΔ,11537,KINHTO - TRACK HARP
1η ΣΤΡΑΤΙΑ,95,2ο ΤΕΕΠ/ΔΔ2,11538,KINHTO - TRACK HARP
1η ΣΤΡΑΤΙΑ,96,1ο ΤΕΑΣ/ΔΔ2,11543,KINHTO - TRACK HARP
1η ΣΤΡΑΤΙΑ,97,2ο ΤΕΑΣ/ΔΔ,11544,KINHTO - TRACK HARP
1η ΣΤΡΑΤΙΑ,98,3ο ΤΕΑΣ/ΔΔ,11545,KINHTO - TRACK HARP
1η ΣΤΡΑΤΙΑ,99,4ο ΤΕΑΣ/ΔΔ,11546,KINHTO - TRACK HARP
ΓΣΣ,1,10 ΣΠ/ΚΕΠΙΧ,11659,H/Y
ΓΣΣ,2,10 ΣΠ/ΔΚΤΗΣ,11650,KINHTO
ΓΣΣ,3,ΔΚΤΗΣ ΔΑΑΑ 10 ΣΠ,11661,KINHTO
ΓΣΣ,4,ΔΑΑΑ 518 Μ/Π,11907,KINHTO
ΓΣΣ,5,34 Μ/Κ ΤΑΞ/ΔΚΤΗΣ,11690,KINHTO
ΓΣΣ,6,34 Μ/Κ ΤΑΞ/ΔΥΝΑΜΗ «Δ»,11698,KINHTO
ΓΣΣ,7,ΔΚΤΗΣ ΔΑΑΑ 34 Μ/Κ ΤΑΞ,11692,KINHTO
ΓΣΣ,8,34 Μ/Κ ΤΑΞ/ΚΕΠΙΧ,11691,H/Y
ΓΣΣ,9,34 Μ/Κ ΤΑΞ/ΣΥΝΤΟΝΙΣΤΗΣ ΚΕΠΙΧ,11903,KINHTO
ΓΣΣ,10,Διμοιρίτης Α/Τ (nato BG),11633,KINHTO
ΓΣΣ,11,Β. Διμοιρίτης Α/Τ (nato BG),11634,KINHTO
ΓΣΣ,12,Ιατρός Α/Τ (nato BG),11635,KINHTO
ΓΣΣ,13,Δρίτης Α/Τ (nato BG) Laptop,11636,H/Y
ΓΣΣ,14,ΕΛΔΥΒΕ/ΔΚΤΗΣ NSE,11113,KINHTO - TRACK HARP
ΓΣΣ,15,ΕΛΔΥΒΕ/ΔΡΙΤΗΣ 1ης ΔΡΙΑΣ,11114,KINHTO - TRACK HARP
ΓΣΣ,16,ΕΛΔΥΒΕ/ΔΡΙΤΗΣ 2ης ΔΡΙΑΣ,11115,KINHTO - TRACK HARP
ΓΣΣ,17,ΕΛΔΥΒΕ/ΕΦΕΔΡΙΚΟ,20100,KINHTO - TRACK HARP
ΓΣΣ,18,ΕΛΔΥΒΕ/ΔΚΤΗΣ,11112,KINHTO - TRACK HARP
ΓΣΣ,19,EUMAM MOZ,11109,KINHTO - TRACK HARP
ΓΣΣ,20,II Μ/Κ ΜΠ/ΔΚΤΗΣ,11670,KINHTO
ΓΣΣ,21,II Μ/Κ ΜΠ/ΚΕΠΙΧ,11679,H/Y
ΓΣΣ,22,II Μ/Κ ΜΠ/3ο ΕΓ,11901,KINHTO
ΓΣΣ,23,162 Α/Κ ΜΒΠ,11666,KINHTO
ΓΣΣ,24,ΔΑΑΑ 8 ΕΑΝ,11904,KINHTO
ΓΣΣ,25,ΔΑΑΑ 628 Μ/Π ΤΠ,11648,KINHTO
ΓΣΣ,26,ΕΦ ΚΑΤΩ ΑΕΤΟΣ,11646,KINHTO
ΓΣΣ,27,ΕΦ ΛΗΜΕΡΙ,11647,KINHTO
ΓΣΣ,28,ΔΑΑΑ 583 Μ/Π ΤΠ,11645,KINHTO
ΓΣΣ,29,ΕΦ ΚΑΚΚΑΒΙΑΣ,11643,KINHTO
ΓΣΣ,30,ΕΦ ΔΡΥΜΑΔΕΣ,11644,KINHTO
ΓΣΣ,31,ΕΦ ΠΛΗΚΑΤΙ,11641,KINHTO
ΓΣΣ,32,ΔΚΤΗΣ ΔΑΑΑ 8 Μ/Π ΤΑΞ,11622,KINHTO
ΓΣΣ,33,ΔΑΑΑ 625 Μ/Π ΤΠ,11642,KINHTO
ΓΣΣ,34,8 Μ/Π ΤΑΞ/ΔΚΤΗΣ,11620,KINHTO
ΓΣΣ,35,ΚΕΠΙΧ 8 Μ/Π ΤΑΞ,11621,H/Y
ΓΣΣ,36,8 Μ/Π ΤΑΞΠΖ/ΚΕΠΙΧ (ΑΣΚΗΣΙΑΚΟ),11958,H/Y
ΓΣΣ,37,ΕΦ ΜΟΛΥΒΔΟΣΚΕΠΑΣΤΟΥ,11970,KINHTO
ΓΣΣ,38,ΕΦ ΟΘΩΝΩΝ,11331,KINHTO
ΓΣΣ,39,ΚΕΠΙΧ 9 Μ/Π ΤΑΞ,11639,H/Y
ΓΣΣ,40,9 Μ/Π ΤΑΞ/ΔΚΤΗΣ,11630,KINHTO
ΓΣΣ,41,9 Μ/Π ΤΑΞ/3ο ΕΓ,11905,KINHTO
ΓΣΣ,42,ΔΚΤΗΣ ΔΑΑΑ 9 Μ/Π ΤΑΞ,11638,KINHTO
ΓΣΣ,43,15 ΣΠ/ΔΚΤΗΣ,11660,KINHTO
ΓΣΣ,44,574 Μ/Π ΤΠ/ΟΜΑΔΑΡΧΗΣ ΔΑΑΑ 15΄,11908,KINHTO
ΓΣΣ,45,15 ΣΠ/ΚΕΠΙΧ,11669,H/Y
ΓΣΣ,46,1 ΣΠ/ΔΚΤΗΣ,11640,KINHTO
ΓΣΣ,47,1 ΣΠ/ΚΕΠΙΧ,11649,H/Y
ΓΣΣ,48,1 ΣΠ/3ο ΕΓ,11906,KINHTO
ΓΣΣ,49,33 Μ/Κ ΤΑΞ/ΔΚΤΗΣ,11680,KINHTO
ΓΣΣ,50,33 Μ/Κ ΤΑΞ/ΕΠΙΚΕΦΑΛΗΣ «Δ3»,11688,KINHTO
ΓΣΣ,51,33 Μ/Κ ΤΑΞ/3ο ΕΓ,11902,KINHTO
ΓΣΣ,52,ΔΚΤΗΣ ΔΑΑΑ 33 Μ/Κ ΤΑΞ,11681,KINHTO
ΓΣΣ,53,33 Μ/Κ ΤΑΞ/ΚΕΠΙΧ,11689,H/Y
ΓΣΣ,54,1η ΤΑΞΚΔ - ΑΛ/ΔΚΤΗΣ,11710,KINHTO - TRACK HARP
ΓΣΣ,55,1η ΤΑΞΚΔ - ΑΛ/ΚΕΠΙΧ,11719,H/Y - TRACK HARP
ΓΣΣ,56,1η ΤΑΞΚΔ-ΑΛ/ΥΔΚΤΗΣ,11832,KINHTO - TRACK HARP
ΓΣΣ,57,1ος Λ/ΒΕΚΕΕΔ/ΔΚΤΗΣ,11837,KINHTO - TRACK HARP
ΓΣΣ,58,2ος Λ/ΒΕΚΕΕΔ/ΔΚΤΗΣ,11838,KINHTO - TRACK HARP
ΓΣΣ,59,1ος Λ/ΒΕΚΕΕΔ/ΕΠΟΧ. ΠΕΡΙΠΟΛΟΣ,11839,KINHTO - TRACK HARP
ΓΣΣ,60,2ος Λ/ΒΕΚΕΕΔ/ΕΠΟΧ. ΠΕΡΙΠΟΛΟΣ,11840,KINHTO - TRACK HARP
ΓΣΣ,61,1η ΤΑΞΚΔ-ΑΛ/ΔΝΤΗΣ 3ου ΕΓ,11746,KINHTO - TRACK HARP
ΓΣΣ,62,1η ΤΑΞΚΔ-ΑΛ/ΕΠΧΗΣ,11959,KINHTO - TRACK HARP
ΓΣΣ,63,1η ΤΑΞΚΔ-ΑΛ/ΚΕΠΙΧ (ΕΠ/ΛΗΣ ΟΤΕ),11960,KINHTO - TRACK HARP
ΓΣΣ,64,ΛΣ/1η ΤΑΞΚΔ-ΑΛ/ΔΚΤΗΣ,11963,KINHTO - TRACK HARP
ΓΣΣ,65,14 ΛΔΒ/ΔΚΤΗΣ,11961,KINHTO - TRACK HARP
ΓΣΣ,66,Ε' ΜΚΔ/ΥΔΚΤΗΣ,11504,KINHTO - TRACK HARP
ΓΣΣ,67,Ε' ΜΚΔ/ΔΚΤΗΣ ΔΑΑ,11506,KINHTO - TRACK HARP
ΓΣΣ,68,Ε' ΜΚΔ/ΑΞΚΟΣ 2ου ΓΡΑΦΕΙΟΥ,11534,KINHTO - TRACK HARP
ΓΣΣ,69,Ε' ΜΚΔ/ΑΞΚΟΣ 3ου ΓΡΑΦΕΙΟΥ,11505,KINHTO - TRACK HARP
ΓΣΣ,70,Ε' ΜΚΔ/ΕΠΙΚΕΦΑΛΗΣ ΤΕΕ,11508,KINHTO - TRACK HARP
ΓΣΣ,71,Ε' ΜΚΔ/ΣΥΝΔΕΣΜΟΣ,11507,KINHTO - TRACK HARP
ΓΣΣ,72,Γ΄ΣΣ/ΔΚΤΗΣ,11600,KINHTO
ΓΣΣ,73,Γ΄ΣΣ/ΥΔΚΤΗΣ,11601,KINHTO
ΓΣΣ,74,Γ'ΣΣ/ΚΕΠΙΧ (ΑΙΘΕΠΙΧ),11609,H/Y
ΓΣΣ,75,Γ'ΣΣ/ΚΕΠΙΚ,11610,H/Y
ΓΣΣ,76,Γ'ΣΣ/ΚΕΠΙΧ,11611,H/Y
ΓΣΣ,77,Γ΄ ΣΣ/ΤΑΞΔΒ/ΔΔΒ/3ο ΕΓ,11900,KINHTO
ΔΣΣ,1,30 Μ/Κ ΤΑΞ/ΔΚΤΗΣ,11480,KINHTO
ΔΣΣ,2,30 Μ/Κ ΤΑΞ/ΑΔΝ,11583,KINHTO
ΔΣΣ,3,ΕΦ ΓΕΦΥΡΑΣ ΠΥΘΙΟΥ,11584,KINHTO
ΔΣΣ,4,30 Μ/Κ ΤΑΞ/ΔΑΑ,11422,KINHTO
ΔΣΣ,5,30 Μ/Κ ΤΑΞ/ΕΤΑΣ 1,11425,KINHTO - TRACK HARP
ΔΣΣ,6,30 Μ/Κ ΤΑΞ/ΔΚΤΗΣ ΤΧΕ,11521,KINHTO
ΔΣΣ,7,30 Μ/Κ ΤΑΞ/ΚΕΠΙΧ,11489,H/Y - TRACK HARP
ΔΣΣ,8,30 Μ/Κ ΤΑΞ/ΕΠΟΧ.ΠΕΡΙΠΟΛΟΣ ΒΟΡΕ,11435,KINHTO
ΔΣΣ,9,30 Μ/Κ ΤΑΞ/ΕΠΟΧ.ΝΟΤΙΟ ΠΕΡΙΠΟΛΟ,11436,KINHTO
ΔΣΣ,10,Δ' ΣΣ/ΔΚΤΗΣ,11400,KINHTO
ΔΣΣ,11,Δ' ΣΣ/ΥΔΚΤΗΣ,11401,KINHTO
ΔΣΣ,12,Δ΄ΣΣ/ΕΠΧΗΣ,11415,KINHTO
ΔΣΣ,13,Δ' ΣΣ/ΚΕΠΙΧ,11409,H/Y - TRACK HARP
ΔΣΣ,14,Δ' ΣΣ/ΔΔΒ-Π/ΔΚΤΗΣ,11405,KINHTO
ΔΣΣ,15,Δ΄ΣΣ/ΔΙΠΑ/ΔΝΤΗΣ,11404,KINHTO
ΔΣΣ,16,Δ' ΣΣ/ΔΚΤΗΣ Λ. ΜΕΑ,11407,KINHTO
ΔΣΣ,17,ΔΚΤΗΣ 473 ΤΕΠΠ,11406,KINHTO
ΔΣΣ,18,7 Μ/Κ ΤΑΞ/ΔΚΤΗΣ,11450,KINHTO
ΔΣΣ,19,ΕΦ ΠΛΑΓΙΩΝ,11588,KINHTO
ΔΣΣ,20,7 Μ/Κ ΤΑΞ/ΔΑΕ,11411,KINHTO
ΔΣΣ,21,7 M/K TAΞ/ΕΤΑΣ 1,11452,KINHTO - TRACK HARP
ΔΣΣ,22,7 Μ/Κ ΤΑΞ/ΔΚΤΗΣ ΤΧΕ,11451,KINHTO
ΔΣΣ,23,7 Μ/Κ ΤΑΞ/ΚΕΠΙΧ,11459,H/Y - TRACK HARP
ΔΣΣ,24,XVI Μ/Κ ΜΠ/ΚΕΠΙΧ,11429,H/Y - TRACK HARP
ΔΣΣ,25,XVI Μ/Κ ΜΠ/ΤΣ,11428,H/Y
ΔΣΣ,26,XVI Μ/Κ ΜΠ/ΔΚΤΗΣ,11420,KINHTO
ΔΣΣ,27,XVI Μ/Κ ΜΠ/ΔΑΕ,11424,KINHTO
ΔΣΣ,28,31 Μ/Κ ΤΑΞ/ΔΚΤΗΣ,11490,KINHTO
ΔΣΣ,29,31 Μ/Κ ΤΑΞ/ΕΠΟΧ ΠΕΡΙΠΟΛΟ,11416,KINHTO - TRACK HARP
ΔΣΣ,30,Ε.Π. ΜΕΛΙΣΣΟΚΟΜΕΙΟΥ,11414,KINHTO
ΔΣΣ,31,31 Μ/Κ ΤΑΞ/ΔΚΤΗΣ ΤΧΕ,11591,KINHTO
ΔΣΣ,32,31 Μ/Κ ΤΑΞ/ΔΑΕ,11412,KINHTO
ΔΣΣ,33,ΕΦ ΓΕΦΥΡΑΣ ΚΗΠΩΝ,11587,KINHTO
ΔΣΣ,34,ΕΦ ΓΕΜΙΣΤΗΣ,11971,KINHTO
ΔΣΣ,35,ΕΦ ΠΕΤΑΛΟΥ,11973,KINHTO
ΔΣΣ,36,31 Μ/Κ ΤΑΞ/KEΠΙΧ,11499,H/Y - TRACK HARP
ΔΣΣ,37,Δ' ΣΣ/ΚΕΠΙΧ (ΤΣ),11408,H/Y
ΔΣΣ,38,50 Μ/Κ ΤΑΞ/ΔΚΤΗΣ,11430,KINHTO
ΔΣΣ,39,50 Μ/Κ ΤΑΞ/ΔΑΕ,11431,KINHTO
ΔΣΣ,40,50 Μ/Κ ΤΑΞ/ΔΚΤΗΣ ΤΧΕ,11432,KINHTO
ΔΣΣ,41,50 Μ/Κ ΤΑΞ/EΠΟΧ.ΒΟΡΕΙΟ ΠΕΡΙΠΟΛ,11437,KINHTO - TRACK HARP
ΔΣΣ,42,50 Μ/Κ ΤΑΞ/ΚΕΠΙΧ,11439,H/Y - TRACK HARP
ΔΣΣ,43,50 Μ/Κ ΤΑΞ/ΑΔΝ,11585,KINHTO
ΔΣΣ,44,ΕΦ ΜΑΥΡΟΥ ΟΓΚΟΥ,11586,KINHTO
ΔΣΣ,45,ΕΦ 178,11589,KINHTO
ΔΣΣ,46,ΕΦ Π.Σ.Γ. ΜΑΡΑΣΙΩΝ,11972,KINHTO
ΔΣΣ,47,ΕΦ ΔΙΛΟΦΟΥ,11974,KINHTO
ΔΣΣ,48,ΕΦ 30 (ΟΡΜΕΝΙΟ),11327,KINHTO
ΔΣΣ,49,ΤΔ 21 Μ/Κ ΣΠ/ΔΚΤΗΣ,11550,KINHTO
ΔΣΣ,50,ΤΔ 21 Μ/Κ ΣΠ/ΚΕΠΙΧ,11559,H/Y - TRACK HARP
ΔΣΣ,51,ΤΔ 21 Μ/Κ ΣΠ/ ΔΚΤΗΣ ΔΑ,11551,KINHTO
ΔΣΣ,52,ΤΔ 21 Μ/Κ ΣΠ/ ΔΑΑ,11423,KINHTO
ΔΣΣ,53,ΤΔ 21 Μ/Κ ΣΠ/Ε-Β ΕΠΟΧ.ΠΕΡΙΠΟΛΟ,11427,KINHTO - TRACK HARP
ΔΣΣ,54,ΤΔ 21 Μ/Κ ΣΠ/ΕΤΑΣ 1,11438,KINHTO - TRACK HARP
ΔΣΣ,55,ΤΔ 21 Μ/Κ ΣΠ/Ε-Τ ΕΠΟΧ.ΠΕΡΙΠΟΛΟ,11443,KINHTO - TRACK HARP
ΔΣΣ,56,ΤΔ 21 Μ/Κ ΣΠ/ΑΔΝ,11446,KINHTO
ΔΣΣ,57,ΤΔ 21 Μ/Κ ΣΠ/ ΕΤΑΣ 2,11453,KINHTO
ΔΣΣ,58,XII Μ/Κ ΜΠ/ΚΕΠΙΧ,11419,H/Y - TRACK HARP
ΔΣΣ,59,XII Μ/Κ ΜΠ/ΔΚΤΗΣ,11410,KINHTO
ΔΣΣ,60,XII Μ/Κ ΜΠ/ΔΑΕ,11413,KINHTO
ΔΣΣ,61,1ο ΤΕΑΣ/ΔΔ,11542,KINHTO - TRACK HARP
ΔΣΣ,62,3 Μ/Κ ΤΑΞ/ΔΑΑ,11421,KINHTO
ΔΣΣ,63,ΕΠ ΠΡΑΣΙΝΗΣ ΠΟΡΤΑΣ,11426,KINHTO
ΔΣΣ,64,3 Μ/Κ ΤΑΞ/ΔΚΤΗΣ,11440,KINHTO
ΔΣΣ,65,3 Μ/Κ ΤΑΞ/ΕΠΟΧ.ΠΕΡΙΠΟΛΟΣ ΝΟΤΙΟ,11442,KINHTO - TRACK HARP
ΔΣΣ,66,3 Μ/Κ ΤΑΞ/ΚΕΠΙΧ,11449,H/Y - TRACK HARP
ΔΣΣ,67,ΕΦ 1,11580,KINHTO
ΔΣΣ,68,ΕΦ 5,11581,KINHTO
ΔΣΣ,69,3 Μ/Κ ΤΑΞ/ΔΚΤΗΣ ΤΧΕ,11441,KINHTO
ΔΣΣ,70,3 Μ/Κ ΤΑΞ/ΑΔΝ,11570,KINHTO - TRACK HARP
ΔΣΣ,71,3 Μ/Κ ΤΑΞ/ΕΚΕΕΣ Ν. ΒΥΣΣΑ,11969,H/Y
ΔΣΣ,72,3 Μ/Κ ΤΑΞ/ΕΤΑΣ 1,11417,KINHTO - TRACK HARP
ΔΣΣ,73,3 Μ/Κ ΤΑΞ/ΕΠΟΧ.ΠΕΡΙΠΟΛΟΣ ΒΟΡΕΙ,11418,KINHTO - TRACK HARP
ΔΣΣ,74,1(-2)/546 Α/Μ ΤΠ,11557,KINHTO - TRACK HARP
ΔΣΣ,75,XXIV ΤΘΤ/ΔΚΤΗΣ,11530,KINHTO
ΔΣΣ,76,XXIV ΤΘΤ/ΔΚΤΗΣ ΤΧΕ,11531,KINHTO
ΔΣΣ,77,XXIV ΤΘΤ/ΚΕΠΙΧ,11539,H/Y
ΔΣΣ,78,ΧΧ ΤΘΜ/ΔΚΤΗΣ,11500,KINHTO
ΔΣΣ,79,Ε' ΜΚΔ/ΔΚΤΗΣ,11767,KINHTO - TRACK HARP
ΔΣΣ,80,ΧΧ ΤΘΜ/ΚΕΠΙΧ,11509,H/Y
ΔΣΣ,81,Ε' ΜΚΔ/ΔΥΝΑΜΗ «Δ»,11834,KINHTO - TRACK HARP
ΔΣΣ,82,ΧΧΙ ΤΘΤ/ΔΚΤΗΣ ΤΧΕ,11511,KINHTO
ΔΣΣ,83,XXI TΘΤ/KEΠIX,11519,H/Y
ΔΣΣ,84,ΧΧΙ ΤΘΤ/ΔΚΤΗΣ,11510,KINHTO
ΔΣΣ,85,XXIII ΤΘΤ/ΔΚΤΗΣ,11520,KINHTO
ΔΣΣ,86,XXIII ΤΘΤ/ΚΕΠΙΧ,11529,H/Y
ΔΣΣ,87,XXIII ΤΘΤ/ΔΚΤΗΣ ΤΧΕ,11522,KINHTO
ΔΣΣ,88,XXV ΤΘΤ/ΔΚΤΗΣ,11540,KINHTO
ΔΣΣ,89,XXV ΤΘΤ/ΔΚΤΗΣ ΤΧΕ,11541,KINHTO
ΔΣΣ,90,XXV ΤΘΤ/ΚΕΠΙΧ,11549,H/Y
ΔΣΣ,91,29 Μ/Π ΤΑΞΠΖ/ΕΠΟΧ. ΠΕΡΙΠΟΛΟΣ 2,11434,KINHTO - TRACK HARP
ΔΣΣ,92,29 Μ/Κ ΤΑΞΠΖ/ΔΚΤΗΣ,11470,KINHTO
ΔΣΣ,93,29 Μ/Π ΤΑΞΠΖ/ΕΠΟΧ.ΠΕΡΙΠΟΛΟΣ 3,11471,KINHTO
ΔΣΣ,94,29 Μ/Π ΤΑΞΠΖ/ΕΠΟΧ.ΠΕΡΙΠΟΛΟΣ 4,11472,KINHTO
ΔΣΣ,95,29 Μ/Π ΤΑΞ/ΔΚΤΗΣ ΤΧΕ,11474,KINHTO
ΔΣΣ,96,29 Μ/Κ ΤΑΞΠΖ/ΚΕΠΙΧ,11479,H/Y - TRACK HARP
ΔΣΣ,97,29 Μ/Π ΤΑΞΠΖ/ΕΠΟΧ. ΠΕΡΙΠΟΛΟΣ 1,11433,KINHTO - TRACK HARP
ΔΣΣ,98,ΤΔ 41 ΣΠ/ΔΑΑ,11473,KINHTO
ΔΣΣ,99,ΤΔ 41 ΣΠ/ΔΚΤΗΣ,11304,KINHTO
ΔΣΣ,100,ΤΔ 41 Μ/Κ ΣΠ/ΚΕΠΙΧ,11341,H/Y
ΔΣΣ,101,ΔΚΤΗΣ 476 ΤΗΠ,11623,KINHTO
ΔΣΣ,102,1/2 476 ΤΗΠ,11624,KINHTO
ΔΣΣ,103,2/2 476 ΤΗΠ,11625,KINHTO
ΔΣΣ,104,3/2 476 ΤΗΠ,11626,KINHTO
ΑΣΔΕΝ,1,ΑΣΔΕΝ/ΔΚΤΗΣ,11300,KINHTO
ΑΣΔΕΝ,2,ΑΣΔΕΝ ΥΔΚΤΗΣ,11301,KINHTO
ΑΣΔΕΝ,3,ΑΣΔΕΝ ΚΕΠΙΧ,11340,H/Y - TRACK HARP
ΑΣΔΕΝ,4,471 ΤΗΠ ΚΕΕΗΠ,11380,KINHTO
ΑΣΔΕΝ,5,ΑΣΔΕΝ/ΔΔΒ-Π/ΔΚΤΗΣ,11395,KINHTO
ΑΣΔΕΝ,6,472 ΤΕΠΠ ΔΚΤΗΣ,11396,KINHTO
ΑΣΔΕΝ,7,ΑΣΔΕΝ/ΚΕΠΙΧ/1,11389,KINHTO
ΑΣΔΕΝ,8,ΑΣΔΕΝ/ΚΕΠΙΧ/2,11388,KINHTO
ΑΣΔΕΝ,9,ΔΚΤΗΣ 482 ΤΔΒ,11332,KINHTO
ΑΣΔΕΝ,10,"Φ/ΑΝ ""ΥΜΗΤΤΟΥ""",11333,KINHTO
ΑΣΔΕΝ,11,"Φ/ΑΝ ""ΝΑΞΟΥ""",11334,KINHTO
ΑΣΔΕΝ,12,"Φ/ΑΝ ""ΑΣΤΥΠΑΛΑΙΑΣ""",11335,KINHTO
ΑΣΔΕΝ,13,ΔΚΤΗΣ 471 ΤΗΠ,11444,KINHTO
ΑΣΔΕΝ,14,ΣΕΑΠ/ΔΚΤΗΣ,13221,KINHTO
ΑΣΔΕΝ,15,ΣΕΑΠ/ΣΥΝΤΟΝΙΣΤΗΣ ΚΕΠΙΧ,13222,KINHTO
ΑΣΔΕΝ,16,ΣΕΑΠ/ΣΥΝΤΟΝΙΣΤΗΣ ΞΕΝΟΚΡΑΤΗ,13223,KINHTO
ΑΣΔΕΝ,17,95 ΑΔΤΕ ΔΚΤΗΣ,11310,KINHTO
ΑΣΔΕΝ,18,95 ΑΔΤΕ ΚΕΠΙΧ,11347,H/Y - TRACK HARP
ΑΣΔΕΝ,19,ΔΑΝ ΜΕΓΙΣΤΗΣ ΔΚΤΗΣ,11316,KINHTO
ΑΣΔΕΝ,20,ΔΑΝ ΜΕΓΙΣΤΗΣ/ΚΕΠΙΧ (Η/Υ),11326,H/Y - TRACK HARP
ΑΣΔΕΝ,21,Ε.Φ. ΣΤΡΟΓΓΥΛΗΣ,11323,KINHTO
ΑΣΔΕΝ,22,ΕΦ. ΡΩ,11324,KINHTO
ΑΣΔΕΝ,23,ΔΑΝ ΣΥΜΗΣ ΔΚΤΗΣ,11351,KINHTO
ΑΣΔΕΝ,24,Ε.Φ ΑΓΙΟΥ ΦΑΝΟΥΡΙΟΥ,13413,KINHTO
ΑΣΔΕΝ,25,ΔΑΝ ΚΑΡΠΑΘΟΥ ΔΚΤΗΣ,13412,KINHTO
ΑΣΔΕΝ,26,ΔΑΕ ΔΙΑΟΡΑΣ (211 M/K TE),11350,KINHTO - TRACK HARP
ΑΣΔΕΝ,27,ΔΑΕ ΠΖ (542 M/K TE),11353,KINHTO - TRACK HARP
ΑΣΔΕΝ,28,95 ΤΜΧΕΘ ΠΛΩΤΑ ΜΕΣΑ,11354,KINHTO - TRACK HARP
ΑΣΔΕΝ,29,ΔΑΝ ΤΗΛΟΥ ΔΚΤΗΣ,11352,KINHTO
ΑΣΔΕΝ,30,ΠΛΩΤΑ ΜΕΣΑ 96 ΤΜΧΕΘ(ΤΜΗΜΑ ΔΑΑ),11370,KINHTO - TRACK HARP
ΑΣΔΕΝ,31,ΔΑΝ ΜΕΓΙΣΤΗΣ ΤΑΕ 15’,11911,KINHTO
ΑΣΔΕΝ,32,ΕΠΙΚ. ΠΛΕΥΣΗΣ Β/Ν ΡΩ,11914,KINHTO - TRACK HARP
ΑΣΔΕΝ,33,ΕΠΙΚ. ΠΛΕΥΣΗΣ Β/Ν ΣΤΡΟΓΓΥΛΗ,11915,KINHTO - TRACK HARP
ΑΣΔΕΝ,34,ΤΑΕ 15' ΔΑΝ ΚΑΡΠΑΘΟΥ,11912,KINHTO
ΑΣΔΕΝ,35,ΔΑΝ ΤΗΛΟΥ ΤΑΕ 15,11913,KINHTO
ΑΣΔΕΝ,36,472 ΤΕΠΠ/ΔΚΤΗΣ ΛΜΕΑ,11397,KINHTO
ΑΣΔΕΝ,37,ΜΕΑ-UAV/ΚΛΙΜΑΚΙΟ ν. ΡΟΔΟΥ,11398,KINHTO
ΑΣΔΕΝ,38,541 ΤΕ/1ος ΛΟΧΟΣ (ΧΑΛΚΗ),11390,KINHTO
ΑΣΔΕΝ,39,95 ΑΔΤΕ ΤΑΕ 1 (211 Μ/Κ ΤΕ),11909,KINHTO
ΑΣΔΕΝ,40,95 ΑΔΤΕ ΤΑΕ 2 (395 EΑΡΜΕΘ),11910,KINHTO
ΑΣΔΕΝ,41,ΔΡΙΤΗΣ ΔΡΙΑΣ 3/2/472 ΤΕΠΠ,11935,KINHTO
ΑΣΔΕΝ,42,ΚΛΙΜΑΚΙΟ ΗΕΠ ΣΤΗ Ν.ΜΕΓΙΣΤΗ,11937,KINHTO
ΑΣΔΕΝ,43,III/1/471 ΤΗΠ,11941,KINHTO
ΑΣΔΕΝ,44,6ο ΕΤΕΘ ΔΚΤΗΣ,11784,KINHTO - TRACK HARP
ΑΣΔΕΝ,45,6ο ΕΤΕΘ/1ος ΛΟΧΟΣ ΚΡΟΥΣΗΣ,11772,KINHTO - TRACK HARP
ΑΣΔΕΝ,46,6ο ΕΤΕΘ/ΛΟΧΟΣ ΠΛΩΤΩΝ ΜΕΣΩΝ,11774,KINHTO - TRACK HARP
ΑΣΔΕΝ,47,6ο ΕΤΕΘ/ΛΟΧΟΣ ΑΜΕΣΗΣ ΕΠΕΜΒΑΣΗΣ,11726,KINHTO - TRACK HARP
ΑΣΔΕΝ,48,6ο ΕΤΕΘ/ΕΟ 1,11727,KINHTO - TRACK HARP
ΑΣΔΕΝ,49,6ο ΕΤΕΘ/ΕΟ 2,11957,KINHTO - TRACK HARP
ΑΣΔΕΝ,50,6ο ΕΤΕΘ/ΚΕΠΙΧ (Η/Υ),11815,H/Y - TRACK HARP
ΑΣΔΕΝ,51,ΔΑΑ 15 ΣΤΡΔΟΥ ΑΝΑΣΤΑΣΙΟΥ ΕΠΙΚΕ,11925,KINHTO
ΑΣΔΕΝ,52,6ο ΕΤΕΘ/ΥΔΚΤΗΣ,11614,KINHTO - TRACK HARP
ΑΣΔΕΝ,53,6ο ΕΤΕΘ/ΑΞΚΟΣ 3ου ΓΡΑΦΕΙΟΥ,11615,KINHTO - TRACK HARP
ΑΣΔΕΝ,54,6ο ΕΤΕΘ/ΔΡΙΤΗΣ 1ης ΔΡΙΑΣ ΛΑΕ,11616,KINHTO - TRACK HARP
ΑΣΔΕΝ,55,6ο ΕΤΕΘ/ΔΡΙΤΗΣ 2ης ΔΡΙΑΣ ΛΑΕ,11617,KINHTO - TRACK HARP
ΑΣΔΕΝ,56,6ο ΕΤΕΘ/ΔΡΙΤΗΣ 3ης ΔΡΙΑΣ ΛΑΕ,11618,KINHTO - TRACK HARP
ΑΣΔΕΝ,57,6ο ΕΤΕΘ/ΧΕΙΡΙΣΤΗΣ 1ου ΤΣ,11619,KINHTO - TRACK HARP
ΑΣΔΕΝ,58,6ο ΕΤΕΘ/ΧΕΙΡΙΣΤΗΣ 2ου ΤΣ,11637,KINHTO - TRACK HARP
ΑΣΔΕΝ,59,6ο ΕΤΕΘ/ΧΕΙΡΙΣΤΗΣ 3ου ΤΣ,11651,KINHTO - TRACK HARP
ΑΣΔΕΝ,60,6ο ΕΤΕΘ/ΧΕΙΡΙΣΤΗΣ 4ου ΤΣ,11652,KINHTO - TRACK HARP
ΑΣΔΕΝ,61,ΔΚΤΗΣ ΤΕ ΜΕΓΙΣΤΗΣ,11381,KINHTO
ΑΣΔΕΝ,62,ΔΚΤΗΣ ΕΤΕΔ ΜΕΓΙΣΤΗΣ,11382,KINHTO
ΑΣΔΕΝ,63,ΔΑΝ ΜΕΓΙΣΤΗΣ/ΔΝΤΗΣ 3ου ΕΓ,11383,KINHTO
ΑΣΔΕΝ,64,ΔΚΤΗΣ 549 ΤΕ,11384,KINHTO
ΑΣΔΕΝ,65,ΕΦ ΡΩ ΕΝΕΔΡΑ 1,11685,KINHTO
ΑΣΔΕΝ,66,ΕΦ ΡΩ ΕΝΕΔΡΑ 2,11686,KINHTO
ΑΣΔΕΝ,67,ΕΦ ΡΩ ΠΑΡΑΤΗΡΗΤΗΣ 1,11687,KINHTO
ΑΣΔΕΝ,68,ΕΦ ΡΩ ΠΑΡΑΤΗΡΗΤΗΣ 2,11693,KINHTO
ΑΣΔΕΝ,69,ΕΦ ΣΤΡΟΓΓΥΛΗ ΕΝΕΔΡΑ 1,11694,KINHTO
ΑΣΔΕΝ,70,ΕΦ ΣΤΡΟΓΓΥΛΗ ΠΑΡΑΤΗΡΗΤΗΣ 1,11696,KINHTO
ΑΣΔΕΝ,71,ΕΦ ΣΤΡΟΓΓΥΛΗ ΕΝΕΔΡΑ 2,11695,KINHTO
ΑΣΔΕΝ,72,ΕΦ ΣΤΡΟΓΓΥΛΗ ΠΑΡΑΤΗΡΗΤΗΣ 2,11697,KINHTO
ΑΣΔΕΝ,73,ΔΑΝ ΣΥΜΗΣ/ΔΑΑ,11203,KINHTO
ΑΣΔΕΝ,74,96 ΑΔΤΕ ΔΚΤΗΣ,11307,KINHTO
ΑΣΔΕΝ,75,96 ΑΔΤΕ ΚΕΠΙΧ,11344,H/Y - TRACK HARP
ΑΣΔΕΝ,76,ΕΦ. ΟΙΝΟΥΣΣΩΝ,11318,KINHTO
ΑΣΔΕΝ,77,ΕΦ. ΠΑΝΑΓΙΑΣ,11319,KINHTO
ΑΣΔΕΝ,78,ΕΦ. ΨΑΡΩΝ,11320,KINHTO
ΑΣΔΕΝ,79,ΔΑΑ 15 ΣΤΔΟΥ ΧΑΛΚΙΑ ΕΠΙΚΕΦΑΛΗΣ,11368,KINHTO - TRACK HARP
ΑΣΔΕΝ,80,ΔΑΑ 2Ω (ΕΠΙΚΕΦΑΛΗΣ),11369,KINHTO - TRACK HARP
ΑΣΔΕΝ,81,3ο ΕΤΕΘ ΔΚΤΗΣ,11781,KINHTO - TRACK HARP
ΑΣΔΕΝ,82,3ο ΕΤΕΘ/1ος ΛΟΧΟΣ ΚΡΟΥΣΗΣ,11763,KINHTO - TRACK HARP
ΑΣΔΕΝ,83,3ο ΕΤΕΘ/ΛΟΧΟΣ ΠΛΩΤΩΝ ΜΕΣΩΝ,11765,KINHTO - TRACK HARP
ΑΣΔΕΝ,84,3ο ΕΤΕΘ/ΛΑΕ,11713,KINHTO - TRACK HARP
ΑΣΔΕΝ,85,3ο ΕΤΕΘ - Η/Υ,11812,H/Y - TRACK HARP
ΑΣΔΕΝ,86,3ο ΕΤΕΘ/ΕΟ 1,11714,KINHTO - TRACK HARP
ΑΣΔΕΝ,87,3ο ΕΤΕΘ/ΕΟ 2,11954,KINHTO - TRACK HARP
ΑΣΔΕΝ,88,ΔΑΑ 15 ΣΤΡΔΟΥ ΓΙΑΚΟΥΜΗ ΕΠΙΚΕΦΑ,11926,KINHTO
ΑΣΔΕΝ,89,ΙΙΙ/1/472 ΤΕΠΠ,11936,KINHTO - TRACK HARP
ΑΣΔΕΝ,90,ΙΙ/2/471 ΤΗΠ,11942,KINHTO
ΑΣΔΕΝ,91,3ο ΕΤΕΘ/ΥΔΚΤΗΣ,11467,KINHTO
ΑΣΔΕΝ,92,3ο ΕΤΕΘ/ΑΞΚΟΣ 3ου ΓΡΑΦΕΙΟΥ,11468,KINHTO
ΑΣΔΕΝ,93,3ο ΕΤΕΘ/ΔΡΙΤΗΣ 1ης ΔΡΙΑΣ ΛΑΕ,11469,KINHTO
ΑΣΔΕΝ,94,3ο ΕΤΕΘ/ΔΡΙΤΗΣ 2ης ΔΡΙΑΣ ΛΑΕ,11478,KINHTO
ΑΣΔΕΝ,95,3ο ΕΤΕΘ/ΔΡΙΤΗΣ 3ης ΔΡΙΑΣ ΛΑΕ,11481,KINHTO
ΑΣΔΕΝ,96,3ο ΕΤΕΘ/ΧΕΙΡΙΣΤΗΣ 1ου ΤΣ,11482,KINHTO
ΑΣΔΕΝ,97,3ο ΕΤΕΘ/ΧΕΙΡΙΣΤΗΣ 2ου ΤΣ,11483,KINHTO
ΑΣΔΕΝ,98,3ο ΕΤΕΘ/ΧΕΙΡΙΣΤΗΣ 3ου ΤΣ,11484,KINHTO
ΑΣΔΕΝ,99,3ο ΕΤΕΘ/ΧΕΙΡΙΣΤΗΣ 4ου ΤΣ,11485,KINHTO
ΑΣΔΕΝ,100,88 ΣΔΙ ΔΚΤΗΣ,11305,KINHTO
ΑΣΔΕΝ,101,ΕΦ. «ΑΓ.ΕΥΣΤΡΑΤΙΟΣ»,11317,KINHTO
ΑΣΔΕΝ,102,88 ΣΔΙ ΚΕΠΙΧ,11342,H/Y - TRACK HARP
ΑΣΔΕΝ,103,88 ΤΜΧ ΔΡIA ΑΜΦΙΒΙΩΝ,11373,KINHTO - TRACK HARP
ΑΣΔΕΝ,104,285 Μ/Κ ΤΠ,11371,KINHTO - TRACK HARP
ΑΣΔΕΝ,105,ΔΑΕ ΔΚΤΗΣ,11372,KINHTO - TRACK HARP
ΑΣΔΕΝ,106,Ι/1/472 ΤΕΠΠ,11933,KINHTO
ΑΣΔΕΝ,107,ΙΙΙ/2/471 ΤΗΠ,11943,KINHTO
ΑΣΔΕΝ,108,290 Μ/Κ ΤΠ,11927,KINHTO
ΑΣΔΕΝ,109,88 ΕΜΑ,11928,KINHTO
ΑΣΔΕΝ,110,80 ΑΔΤΕ ΔΚΤΗΣ,11309,KINHTO
ΑΣΔΕΝ,111,ΕΦ ΨΕΡΙΜΟΥ,11363,KINHTO
ΑΣΔΕΝ,112,588 ΤΕ ΕΠΙΚΕΦΑΛΗΣ ΔΑΕ,11365,KINHTO - TRACK HARP
ΑΣΔΕΝ,113,ΕΦ ΚΑΛΟΛΙΜΝΟΥ,11322,KINHTO
ΑΣΔΕΝ,114,80 ΤΜΧΕΘ ΠΛΩΤΑ ΜΕΣΑ,11366,KINHTO - TRACK HARP
ΑΣΔΕΝ,115,ΕΦ ΦΑΡΜΑΚΟΝΗΣΙ,11325,KINHTO
ΑΣΔΕΝ,116,5ο ΕΤΕΘ/ ΛΟΧΟΣ ΠΛΩΤΩΝ ΜΕΣΩΝ,11771,KINHTO - TRACK HARP
ΑΣΔΕΝ,117,5ο ΕΤΕΘ/ 1 ΛΟΧΟΣ ΚΡΟΥΣΗΣ,11769,KINHTO - TRACK HARP
ΑΣΔΕΝ,118,5ο ΕΤΕΘ/ΔΚΤΗΣ,11783,KINHTO - TRACK HARP
ΑΣΔΕΝ,119,543 Μ/Κ ΤΕ ΔΑΕ,11364,KINHTO - TRACK HARP
ΑΣΔΕΝ,120,ΔΑΝ ΝΙΣΥΡΟΥ ΔΚΤΗΣ,11394,KINHTO
ΑΣΔΕΝ,121,ΕΦ ΠΑΝΑΓΙΑΣ ΚΥΡΑ ΝΙΣΥΡΟΥ,11367,KINHTO
ΑΣΔΕΝ,122,80 ΑΔΤΕ ΚΕΠΙΧ,11346,H/Y - TRACK HARP
ΑΣΔΕΝ,123,80 ΑΔΤΕ ΤΑΕ 1,11919,KINHTO
ΑΣΔΕΝ,124,2/472 ΤΕΠΠ,11932,KINHTO
ΑΣΔΕΝ,125,5ο ΕΤΕΘ ΣΥΝΔΕΣΜΟΣ Κ/Φ ΠΝ,11725,KINHTO - TRACK HARP
ΑΣΔΕΝ,126,5ο ΕΤΕΘ ΕΟ 2,11956,KINHTO - TRACK HARP
ΑΣΔΕΝ,127,ΤΑΕ ΤΕΘ ΠΑΤΜΟΥ,11921,KINHTO
ΑΣΔΕΝ,128,1/471 ΤΗΠ,11938,KINHTO
ΑΣΔΕΝ,129,2ος ΛΕΘ ΠΑΤΜΟΥ,11392,KINHTO
ΑΣΔΕΝ,130,ΤΕΘ ΠΑΤΜΟΥ ΔΚΤΗΣ,11391,KINHTO
ΑΣΔΕΝ,131,5ο ΕΤΕΘ / EO 1,11718,KINHTO - TRACK HARP
ΑΣΔΕΝ,132,ΤΑΕ ΔΑΝ ΝΙΣΥΡΟΥ,11924,KINHTO
ΑΣΔΕΝ,133,ΔΑΕ 80 ΕΑΡΜΕΘ,11920,KINHTO
ΑΣΔΕΝ,134,5ο ΕΤΕΘ ΛΑΕ,11717,KINHTO - TRACK HARP
ΑΣΔΕΝ,135,5ο ΕΤΕΘ ΚΕΠΙΧ,11814,H/Y - TRACK HARP
ΑΣΔΕΝ,136,ΤΑΕ ΤΕΘ ΛΕΡΟΥ,11923,KINHTO
ΑΣΔΕΝ,137,ΔΚΤΗΣ 588 ΤΕ,11393,KINHTO
ΑΣΔΕΝ,138,ΔΚΤΗΣ 5/42 ΤΕ,11362,KINHTO
ΑΣΔΕΝ,139,ΤΑΕ ΤΕΘ ΚΑΛΥΜΝΟΥ,11922,KINHTO
ΑΣΔΕΝ,140,5ο ΕΤΕΘ/ΥΔΚΤΗΣ,11497,KINHTO - TRACK HARP
ΑΣΔΕΝ,141,5ο ΕΤΕΘ/ΑΞΚΟΣ 3ου ΓΡΑΦΕΙΟΥ,11498,KINHTO - TRACK HARP
ΑΣΔΕΝ,142,5ο ΕΤΕΘ/ΔΡΙΤΗΣ 1ης ΔΡΙΑΣ ΛΑΕ,11604,KINHTO - TRACK HARP
ΑΣΔΕΝ,143,5ο ΕΤΕΘ/ΔΡΙΤΗΣ 2ης ΔΡΙΑΣ ΛΑΕ,11605,KINHTO - TRACK HARP
ΑΣΔΕΝ,144,5ο ΕΤΕΘ/ΔΡΙΤΗΣ 3ης ΔΡΙΑΣ ΛΑΕ,11606,KINHTO - TRACK HARP
ΑΣΔΕΝ,145,5ο ΕΤΕΘ/ΧΕΙΡΙΣΤΗΣ 1ου ΤΣ,11607,KINHTO - TRACK HARP
ΑΣΔΕΝ,146,5ο ΕΤΕΘ/ΧΕΙΡΙΣΤΗΣ 2ου ΤΣ,11608,KINHTO - TRACK HARP
ΑΣΔΕΝ,147,5ο ΕΤΕΘ/ΧΕΙΡΙΣΤΗΣ 3ου ΤΣ,11612,KINHTO - TRACK HARP
ΑΣΔΕΝ,148,5ο ΕΤΕΘ/ΧΕΙΡΙΣΤΗΣ 4ου ΤΣ,11613,KINHTO - TRACK HARP
ΑΣΔΕΝ,149,79 ΑΔΤΕ ΔΚΤΗΣ,11308,KINHTO
ΑΣΔΕΝ,150,ΔΑΝ Αγαθονησίου,11321,KINHTO
ΑΣΔΕΝ,151,79 ΑΔΤΕ ΚΕΠΙΧ,11345,H/Y - TRACK HARP
ΑΣΔΕΝ,152,ΔΑΝ ΦΟΥΡΝΩΝ (4ο ΛΕΘ ΔΚΤΗΣ),11358,KINHTO
ΑΣΔΕΝ,153,ΔΚΤΗΣ ΔΑΕ 239 ΜΚ ΤΕ,11359,KINHTO - TRACK HARP
ΑΣΔΕΝ,154,79 ΤΜΧΕΘ ΠΛΩΤΑ ΣΚΑΦΗ,11360,KINHTO
ΑΣΔΕΝ,155,ΕΦ ΚΕΦΑΛΩΝ ΙΚΑΡΙΑΣ,11361,KINHTO
ΑΣΔΕΝ,156,4 ΕΤΕΘ ΤΑΕ/ΛΚ,11766,KINHTO - TRACK HARP
ΑΣΔΕΝ,157,4ο ΕΤΕΘ 1 ΛΟΧΟΣ ΠΛΩΤΩΝ ΜΕΣΩΝ,11768,KINHTO - TRACK HARP
ΑΣΔΕΝ,158,4ο ΕΤΕΘ Δκτης,11782,KINHTO - TRACK HARP
ΑΣΔΕΝ,159,ΤΑΕ 79 ΑΔΤΕ ΔΚΤΗΣ,11962,KINHTO
ΑΣΔΕΝ,160,ΤΑΕ 79 ΑΔΤΕ 1 (239 Μ/Κ ΤΕ),11964,KINHTO
ΑΣΔΕΝ,161,ΤΑΕ 79 ΑΔΤΕ 2 (298 Μ/Κ ΤΕ),11967,KINHTO
ΑΣΔΕΝ,162,ΤΑΕ 79 ΑΔΤΕ 3 (79 ΕΑΡΜΕΘ),11968,KINHTO
ΑΣΔΕΝ,163,ΔΑΝ ΙΚΑΡΙΑΣ ΔΚΤΗΣ,11375,KINHTO
ΑΣΔΕΝ,164,ΤΕΘ ΑΓΙΟΥ ΚΗΡΥΚΟΥ ΔΚΤΗΣ,11376,KINHTO
ΑΣΔΕΝ,165,ΚΛΙΜΑΚΙΟ HANDOVER Λ/ΜΕΑ ΙΚΑΡΙΑ,11399,KINHTO
ΑΣΔΕΝ,166,4ο ΕΤΕΘ/ΛΑΕ,11715,KINHTO - TRACK HARP
ΑΣΔΕΝ,167,4 ΕΤΕΘ/ΕΟ1,11716,KINHTO - TRACK HARP
ΑΣΔΕΝ,168,4ο ΕΤΕΘ - Η/Υ,11813,H/Y - TRACK HARP
ΑΣΔΕΝ,169,II/1/472 ΤΕΠΠ,11934,KINHTO
ΑΣΔΕΝ,170,I/1/471 ΤΗΠ,11940,KINHTO
ΑΣΔΕΝ,171,4ο ΕΤΕΘ/ΕΟ2,11955,KINHTO - TRACK HARP
ΑΣΔΕΝ,172,4ο ΕΤΕΘ/ΧΕΙΡΙΣΤΗΣ 4ου ΤΣ,11496,KINHTO - TRACK HARP
ΑΣΔΕΝ,173,4ο ΕΤΕΘ/ΧΕΙΡΙΣΤΗΣ 3ου ΤΣ,11495,KINHTO - TRACK HARP
ΑΣΔΕΝ,174,4ο ΕΤΕΘ/ΧΕΙΡΙΣΤΗΣ 2ου ΤΣ,11494,KINHTO - TRACK HARP
ΑΣΔΕΝ,175,4ο ΕΤΕΘ/ΧΕΙΡΙΣΤΗΣ 1ου ΤΣ,11493,KINHTO - TRACK HARP
ΑΣΔΕΝ,176,4ο ΕΤΕΘ/ΔΡΙΤΗΣ 3ης ΔΡΙΑΣ ΛΑΕ,11492,KINHTO - TRACK HARP
ΑΣΔΕΝ,177,4ο ΕΤΕΘ/ΔΡΙΤΗΣ 2ης ΔΡΙΑΣ ΛΑΕ,11491,KINHTO - TRACK HARP
ΑΣΔΕΝ,178,4ο ΕΤΕΘ/ΔΡΙΤΗΣ 1ης ΔΡΙΑΣ ΛΑΕ,11488,KINHTO - TRACK HARP
ΑΣΔΕΝ,179,4ο ΕΤΕΘ/ΑΞΚΟΣ 3ου ΓΡΑΦΕΙΟΥ,11487,KINHTO - TRACK HARP
ΑΣΔΕΝ,180,4ο ΕΤΕΘ/ΥΔΚΤΗΣ,11486,KINHTO - TRACK HARP
ΑΣΔΕΝ,181,5 Α/Μ ΤΑΞΠΖ ΔΚΤΗΣ,11929,KINHTO
ΑΣΔΕΝ,182,ΤΑΕ 5 ΤΑΞΠΖ,11930,KINHTO - TRACK HARP
ΑΣΔΕΝ,183,ΕΦ ΓΑΥΔΟΥ,11475,KINHTO
ΑΣΔΕΝ,184,1η ΜΑΛ,11403,KINHTO - TRACK HARP
ΑΣΔΕΝ,185,"1η ΜΑΛ / ΔΥΝΑΜΗ ""Δ""",11835,KINHTO - TRACK HARP
ΑΣΔΕΝ,186,5 ΤΑΞΠΖ / ΚΕΠΙΧ,11563,H/Y
ΑΣΔΕΝ,187,1η ΜΑΛ/ΔΚΤΗΣ ΔΑΑ,11514,KINHTO - TRACK HARP
ΑΣΔΕΝ,188,1η ΜΑΛ/ΥΔΚΤΗΣ,11512,KINHTO - TRACK HARP
ΑΣΔΕΝ,189,1η ΜΑΛ/ΑΞΚΟΣ 3ου ΓΡΑΦΕΙΟΥ,11513,KINHTO - TRACK HARP
ΑΣΔΕΝ,190,1η ΜΑΛ/ΣΥΝΔΕΣΜΟΣ,11515,KINHTO - TRACK HARP
ΑΣΔΕΝ,191,1η ΜΑΛ/ΕΠΙΚΕΦΑΛΗΣ ΤΕΕ,11516,KINHTO - TRACK HARP
ΑΣΔΕΝ,192,545 Α/Μ ΤΠ ΔΑΑ 2Ω,11547,KINHTO
ΑΣΔΕΝ,193,545 Α/Μ ΤΠ ΔΑΑ 2Ω-4Ω,11628,KINHTO
ΑΣΔΕΝ,194,545 Α/Μ ΤΠ/ΔΚΤΗΣ,13414,KINHTO
ΑΣΔΕΝ,195,1(-2)/545 Α/Μ ΤΠ,13415,KINHTO - TRACK HARP
ΑΣΔΕΝ,196,II/3/545 Α/Μ ΤΠ,20231,KINHTO - TRACK HARP
ΑΣΔΕΝ,197,III/1/546 Α/Μ ΤΠ,11560,KINHTO - TRACK HARP
ΑΣΔΕΝ,198,II/1/546 Α/Μ ΤΠ,11558,KINHTO - TRACK HARP
ΑΣΔΕΝ,199,I/2/546 Α/Μ ΤΠ,11562,KINHTO - TRACK HARP
ΑΣΔΕΝ,200,2(-2)/546 Α/Μ ΤΠ,11561,KINHTO
ΑΣΔΕΝ,201,3(-2)/545 Α/Μ ΤΠ,20209,KINHTO - TRACK HARP
ΑΣΔΕΝ,202,I/3/545 Α/Μ ΤΠ,20211,KINHTO - TRACK HARP
ΑΣΔΕΝ,203,546 Α/Μ ΤΠ/ΔΚΤΗΣ,11556,KINHTO
ΑΣΔΕΝ,204,II/1/545 Α/Μ ΤΠ,20207,KINHTO - TRACK HARP
ΑΣΔΕΝ,205,III/1/545 Α/Μ ΤΠ,20208,KINHTO - TRACK HARP
ΑΣΔΕΝ,206,548 Α/Μ ΤΠ/ΔΚΤΗΣ,11552,KINHTO
ΑΣΔΕΝ,207,5 ΛΔΒ/ΔΚΤΗΣ,11553,KINHTO
ΑΣΔΕΝ,208,II/2/546 Α/Μ ΤΠ,12210,KINHTO - TRACK HARP
ΑΣΔΕΝ,209,I/547 Α/Μ ΤΠ,11548,KINHTO - TRACK HARP
ΑΣΔΕΝ,210,547 Α/Μ ΤΠ/ΔΚΤΗΣ,12211,KINHTO
ΑΣΔΕΝ,211,265 M/K TE/ΔΑΑ 15’,11916,KINHTO
ΑΣΔΕΝ,212,98 ΑΔΤΕ ΔΚΤΗΣ,11306,KINHTO
ΑΣΔΕΝ,213,98 ΤΜΧΕΘ Λ.Π.Μ.,11357,KINHTO - TRACK HARP
ΑΣΔΕΝ,214,Β ΕΑΝΕΘ ΔΑ 4Ω-15’ ΔΑΑ,11918,KINHTO
ΑΣΔΕΝ,215,264 Μ/Κ ΤΕ ΔΑΑ 2Ω,11356,KINHTO - TRACK HARP
ΑΣΔΕΝ,216,265 Μ/Κ ΤΕ/ ΔΑΑ 2Ω,11355,KINHTO - TRACK HARP
ΑΣΔΕΝ,217,296 Μ/Κ ΤΕ/ΔΑ 4Ω-15’ ΔΑΑ,11917,KINHTO
ΑΣΔΕΝ,218,2o ΕΤΕΘ/ΕΟ 2,11953,KINHTO
ΑΣΔΕΝ,219,2ο ΕΤΕΘ/ΕΟ 1,11712,KINHTO - TRACK HARP
ΑΣΔΕΝ,220,2o ΕΤΕΘ/Λ.Π.Μ.,11762,KINHTO - TRACK HARP
ΑΣΔΕΝ,221,2o ΕΤΕΘ ΔΚΤΗΣ,11780,KINHTO - TRACK HARP
ΑΣΔΕΝ,222,2o ΕΤΕΘ/ΛΟΧΟΣ ΚΡΟΥΣΗΣ,11776,KINHTO - TRACK HARP
ΑΣΔΕΝ,223,2o ΕΤΕΘ/ ΛΑΕ,11711,KINHTO - TRACK HARP
ΑΣΔΕΝ,224,98 ΑΔΤΕ ΚΕΠΙΧ,11343,H/Y - TRACK HARP
ΑΣΔΕΝ,225,2ο ΕΤΕΘ/ΑΙΘ. ΕΠΙΧ.,11811,H/Y - TRACK HARP
ΑΣΔΕΝ,226,1/472 ΤΕΠΠ/ΔΚΤΗΣ,11931,KINHTO
ΑΣΔΕΝ,227,2/471 ΤΗΠ/ΔΚΤΗΣ,11939,KINHTO
ΑΣΔΕΝ,228,ASRAD 1 / NSE/eNRF,11742,KINHTO
ΑΣΔΕΝ,229,ASRAD 2 / NSE/eNRF,11743,KINHTO
ΑΣΔΕΝ,230,2ο ΕΤΕΘ/ΥΔΚΤΗΣ,11457,KINHTO
ΑΣΔΕΝ,231,2ο ΕΤΕΘ/ΑΞΚΟΣ 3ου ΓΡΑΦΕΙΟΥ,11460,KINHTO
ΑΣΔΕΝ,232,2ο ΕΤΕΘ/ΔΡΙΤΗΣ 1ης ΔΡΙΑΣ ΛΑΕ,11461,KINHTO
ΑΣΔΕΝ,233,2ο ΕΤΕΘ/ΔΡΙΤΗΣ 2ης ΔΡΙΑΣ ΛΑΕ,11462,KINHTO
ΑΣΔΕΝ,234,2ο ΕΤΕΘ/ΧΕΙΡΙΣΤΗΣ 1ου ΤΣ,11463,KINHTO
ΑΣΔΕΝ,235,2ο ΕΤΕΘ/ΧΕΙΡΙΣΤΗΣ 2ου ΤΣ,11464,KINHTO
ΑΣΔΕΝ,236,2ο ΕΤΕΘ/ΧΕΙΡΙΣΤΗΣ 3ου ΤΣ,11465,KINHTO
ΑΣΔΕΝ,237,2ο ΕΤΕΘ/ΧΕΙΡΙΣΤΗΣ 4ου ΤΣ,11466,KINHTO
ΑΣΔΥΣ,1,ΑΣΔΥΣ ΔΚΤΗΣ,11800,KINHTO
ΑΣΔΥΣ,2,ΑΣΔΥΣ ΚΕΠΙΧ,11809,H/Y
ΑΣΔΥΣ,3,ΑΣΔΥΣ / ΔΕΠ,11803,KINHTO
ΑΣΔΥΣ,4,ΔΥΒ /ΔΚΤΗΣ,11944,KINHTO
ΑΣΔΥΣ,5,ΔΥΒ / ΔΙΣΧΕΑ (3ο ΕΓ),11945,KINHTO
ΑΣΔΥΣ,6,ΔΙΚΕ (IV ΜΠ) / ΔΚΤΗΣ,11946,KINHTO
ΑΣΔΥΣ,7,ΔΙΚΕ (IV ΜΠ) / 3ο ΕΓ,11947,KINHTO
ΑΣΔΥΣ,8,ΔΥΒ / ΚΕΠΙΧ,11336,H/Y
ΑΣΔΥΣ,9,ΔΙΚΕ (IV ΜΠ) / ΚΕΠΙΧ,11337,H/Y
ΑΣΔΥΣ,10,ΔΙΚΕ / ΑΙΘΕΠΙΧ,11747,H/Y
ΑΣΔΥΣ,11,ΔΥΒ/ΚΕΠΙΧ,11754,H/Y
ΑΣΔΥΣ,12,IV ΤΑΞΥΠ/ΔΚΤΗΣ,11820,KINHTO
ΑΣΔΥΣ,13,IV ΤΑΞΥΠ/3ο ΕΓ,11949,KINHTO
ΑΣΔΥΣ,14,ΜΕΡΥΠ ΔΚΤΗΣ,11810,KINHTO
ΑΣΔΥΣ,15,ΜΕΡΥΠ / 3ο ΕΓ,11948,KINHTO
ΑΣΔΥΣ,16,ΔΚΤΗΣ ΣΣΜ,11338,KINHTO
ΑΣΔΥΣ,17,ΣΣΜ/ 3ο ΕΓ,11339,KINHTO
ΑΣΔΥΣ,18,ΔΚΤΗΣ NSE/eNRF,11377,KINHTO
ΑΣΔΥΣ,19,ΥΔΚΤΗΣ NSE/eNRF,11378,KINHTO
ΑΣΔΥΣ,20,ΕΠΙΤΕΛΕΙΟ NSE/eNRF,11379,KINHTO
ΑΣΔΥΣ,21,ΚΕΠΙΧ ΜΕΡΥΠ,11819,H/Y
I ΜΠ,1,71 Α/Μ ΤΑΞ ΔΚΤΗΣ,11740,KINHTO
I ΜΠ,2,71 Α/Μ ΤΑΞ ΚΕΠΙΧ,11749,H/Y
I ΜΠ,3,595 Α/Μ ΤΠ ΔΚΤΗΣ,11950,KINHTO
I ΜΠ,4,596 A/M ΤΠ ΔΚΤΗΣ,11951,KINHTO
I ΜΠ,5,601 A/M ΤΠ ΔΚΤΗΣ,11952,KINHTO
I ΜΠ,6,71 Α/Μ ΤΑΞ/ORF,11632,H/Y
I ΜΠ,7,I ΜΠ ΔΚΤΗΣ,11700,KINHTO - TRACK HARP
I ΜΠ,8,Β' ΜΚΔ ΔΚΤΗΣ,11761,KINHTO - TRACK HARP
I ΜΠ,9,I ΜΠ ΚΕΠΙΧ,11709,H/Y - TRACK HARP
I ΜΠ,10,2η ΜΑΛ ΔΚΤΗΣ,11775,KINHTO - TRACK HARP
I ΜΠ,11,ΥΔΚΤΗΣ Ι ΜΠ,11701,KINHTO - TRACK HARP
I ΜΠ,12,Ι ΜΠ ΚΕΠΙΧ (ΚΙΝΗΤΟ),11702,KINHTO - TRACK HARP
I ΜΠ,13,"Β' ΜΚΔ / ΔΥΝΑΜΗ ""Δ""",11833,KINHTO - TRACK HARP
I ΜΠ,14,"2η ΜΑΛ / ΔΥΝΑΜΗ ""Δ""",11836,KINHTO - TRACK HARP
I ΜΠ,15,Ι ΜΠ/ΚΕΠΙΧ (ΕΠΙΚ/ΛΗΣ ΟΤΕ),11966,KINHTO - TRACK HARP
I ΜΠ,16,Ι ΜΠ/3ο ΕΓ,11349,KINHTO - TRACK HARP
I ΜΠ,17,Β' ΜΚΔ/ΑΞΚΟΣ 3ου Γραφείου,12590,KINHTO - TRACK HARP
I ΜΠ,18,Β' ΜΚΔ ΔΚΤΗΣ ΔΑΑ,11501,KINHTO - TRACK HARP
I ΜΠ,19,Β' ΜΚΔ/ΣΥΝΔΕΣΜΟΣ,11502,KINHTO - TRACK HARP
I ΜΠ,20,Β' ΜΚΔ/ΕΠΙΚΕΦΑΛΗΣ ΤΕΕ,11503,KINHTO - TRACK HARP
I ΜΠ,21,2η ΜΑΛ/ΥΔΚΤΗΣ,11517,KINHTO - TRACK HARP
I ΜΠ,22,2η ΜΑΛ/ΔΚΤΗΣ ΔΥΝΑΜΗΣ ΑΝ/ΡΑΣΗΣ,11518,KINHTO - TRACK HARP
I ΜΠ,23,2η ΜΑΛ/ΔΡΙΤΗΣ ΔΑΑ,11523,KINHTO - TRACK HARP
I ΜΠ,24,2η ΜΑΛ/ΣΥΝΔΕΣΜΟΣ,11524,KINHTO - TRACK HARP
I ΜΠ,25,2η ΜΑΛ/ΕΠΙΚ/ΛΗΣ 1ου ΤΕΕ,11525,KINHTO - TRACK HARP
I ΜΠ,26,2η ΜΑΛ/ΕΠΙΚ/ΛΗΣ 2ου ΤΕΕ,11526,KINHTO - TRACK HARP
I ΜΠ,27,Β' ΜΚΔ/ΥΔΚΤΗΣ,11748,KINHTO - TRACK HARP
I ΜΠ,28,Β ΜΚΔ/ΚΕΠΙΧ,11108,H/Y
I ΜΠ,29,575 ΤΠΖΝ ΚΕΠΙΧ,11111,H/Y
I ΜΠ,30,32 ΤΑΞΠΖΝ ΚΕΠΙΧ,11739,H/Y
I ΜΠ,31,32 ΤΑΞΠΖΝ ΔΚΤΗΣ,11730,KINHTO
I ΜΠ,32,575 ΤΠΖΝ ΔΚΤΗΣ,11374,KINHTO - TRACK HARP
I ΜΠ,33,"32 ΤΑΞΠΖΝ/ΔΥΝΑΜΗ ""Δ2""",11841,KINHTO - TRACK HARP
I ΜΠ,34,"32 ΤΑΞΠΖΝ/ΔΥΝΑΜΗ ""Δ4""",11842,KINHTO - TRACK HARP
I ΜΠ,35,32 ΤΑΞΠΖΝ/ΚΕΠΙΧ(ΕΠΙΚ/ΛΗΣ ΟΤΕ),11527,KINHTO - TRACK HARP
I ΜΠ,36,32 ΤΑΞΠΖΝ/ΚΕΠΛΗ,11528,KINHTO - TRACK HARP
I ΜΠ,37,521 ΤΠΖΝ/ΑΞΚΟΣ 3ου ΓΡΑΦΕΙΟΥ,11454,KINHTO - TRACK HARP
I ΜΠ,38,575 ΤΠΖΝ/ΑΞΚΟΣ 3ου ΓΡΑΦΕΙΟΥ,11456,KINHTO - TRACK HARP
I ΜΠ,39,575 ΤΠΖΝ/ΑΞΚΟΣ 2ου ΓΡΑΦΕΙΟΥ,11455,KINHTO - TRACK HARP
I ΜΠ,40,505 ΤΠΖΝ ΔΚΤΗΣ,11770,KINHTO - TRACK HARP
I ΜΠ,41,505 ΤΠΖΝ/ΑΞΚΟΣ 2ου ΓΡΑΦΕΙΟΥ,11532,KINHTO - TRACK HARP
I ΜΠ,42,521 ΤΠΖΝ ΔΚΤΗΣ,11773,KINHTO - TRACK HARP
I ΜΠ,43,521 ΤΠΖΝ/ΑΞΚΟΣ 2ου ΓΡΑΦΕΙΟΥ,11533,KINHTO - TRACK HARP
ΓΕΝ,1,'Α ΚΛΑΔΟΣ / ΔΝΤΗΣ,13101,KINHTO
ΓΕΝ,2,ΔΚΣΗ ΤΑΧΕΩΝ ΣΚΑΦΩΝ / ΔΚΤΗΣ,13205,KINHTO
ΓΕΝ,3,Δκτής Αποβατικών Δυνάμεων,13212,KINHTO
ΓΕΝ,4,ΑΡΧΙΑΠΟΣΤΟΛΕΑΣ ΣΤΟΛΟΥ,13209,KINHTO
ΓΕΝ,5,ΔΜΦΓ 1,13207,KINHTO
ΓΕΝ,6,Δκτής Υποβρυχίων Στόλου,13210,KINHTO
ΓΕΝ,7,ΥΠΑΡΧΗΓΟΣ ΓΕΝ,13102,KINHTO
ΓΕΝ,8,ΑΡΧΗΓΟΣ ΣΤΟΛΟΥ,13200,KINHTO
ΓΕΝ,9,ΤΜΧΗΣ ΓΕΝ/ ΚΕΠΙΧ,13103,KINHTO
ΓΕΝ,10,ΔΔΜΝ ΔΚΤΗΣ,13300,KINHTO
ΓΕΝ,11,ΥΠΑΡΧΗΓΟΣ ΣΤΟΛΟΥ,13201,KINHTO
ΓΕΝ,12,ΝΔΑ Δκτης,13400,KINHTO
ΓΕΝ,13,Δκτης ΔΦΓ,13204,KINHTO
ΓΕΝ,14,Δκτης Ναρκοπολέμου Στόλου,13211,KINHTO
ΓΕΝ,15,ΔΚΤΗΣ ΔΥΚ,13206,KINHTO
ΓΕΝ,16,Δκτης ΜΦΓ2 Στόλου,13208,KINHTO
ΓΕΝ,17,Δ.Π.Ε.,13220,KINHTO
ΓΕΝ,18,ΔΑΚ/ΑΣ,13202,KINHTO
ΓΕΝ,19,ΑΡΧΗΓΟΣ ΓΕΝ,13100,KINHTO
ΓΕΝ,20,ΚΕΠΙΧ/ ΑΣ,13203,KINHTO
ΓΕΑ,1,Αρχηγός ΓΕΑ,12100,KINHTO
ΓΕΑ,2,Υπαρχηγός ΓΕΑ,12101,KINHTO
ΓΕΑ,3,Γενικός Επιθεωρητής ΓΕΑ,12102,KINHTO
ΓΕΑ,4,Διευθυντής Α΄Κλάδου ΓΕΑ,12103,KINHTO
ΓΕΑ,5,Διευθυντής Β΄Κλάδου ΓΕΑ,12104,KINHTO
ΓΕΑ,6,Διευθυντής Γ΄Κλάδου ΓΕΑ,12105,KINHTO
ΓΕΑ,7,Διευθυντής Δ΄Κλάδου ΓΕΑ,12106,KINHTO
ΓΕΑ,8,Διευθυντής Α1/ΓΕΑ,12107,KINHTO
ΓΕΑ,9,Τμηματάρχης Α1/1 ΓΕΑ,12108,KINHTO
ΓΕΑ,10,Διευθυντής ΓΕΑ/ΚΕΠΙΧ,12109,KINHTO
ΓΕΑ,11,ΓΕΑ/ΚΕΠΙΧ (Η/Υ),12700,H/Y - TRACK HARP
ΓΕΑ,12,ΔΝΤΗΣ Α7,12641,KINHTO
ΓΕΑ,13,HELPDESK ΓΕΑ,12000,KINHTO
ΓΕΑ,14,Αρχηγός ΑΤΑ,12200,KINHTO
ΓΕΑ,15,Υπαρχηγός ΑΤΑ,12201,KINHTO
ΓΕΑ,16,Επιτελάρχης ΑΤΑ,12202,KINHTO
ΓΕΑ,17,Διευθυντής Α΄Κλάδου ΑΤΑ,12203,KINHTO
ΓΕΑ,18,ΔΝΤΗΣ ΕΚΑΕ,12207,KINHTO
ΓΕΑ,19,EKAE/ΚΕΠΙΧ (Η/Υ),11965,H/Y - TRACK HARP
ΓΕΑ,20,ΑΤΑ/ΕΚΑΕ,11627,H/Y
ΓΕΑ,21,ΔΚΤΗΣ ΔΑΥ,12300,KINHTO
ΓΕΑ,22,ΔΑΥ/ΕΠΧΗΣ,12302,KINHTO
ΓΕΑ,23,ΔΝΤΗΣ ΔΑΥ/ΚΕΠΙΧ,12307,KINHTO
ΓΕΑ,24,ΔΑΥ/Α' ΚΛ/ΔΝΤΗΣ,12303,KINHTO
ΓΕΑ,25,ΔΑΥ/Γ' ΚΛ/ΔΝΤΗΣ,12305,KINHTO
ΓΕΑ,26,ΔΚΤΗΣ ΔΑΕ,12400,KINHTO
ΓΕΑ,27,ΔΝΤΗΣ ΔΑΕ /ΚΕΠΙΧ,12407,KINHTO
ΓΕΑ,28,ΔΚΤΗΣ 110 ΠΜ,12500,KINHTO
ΓΕΑ,29,ΔΚΤΗΣ 111 ΠΜ,12510,KINHTO
ΓΕΑ,30,ΔΚΤΗΣ 112 ΠΜ,12520,KINHTO
ΓΕΑ,31,ΔΚΤΗΣ 113 ΠΜ,12530,KINHTO
ΓΕΑ,32,ΔΚΤΗΣ 114 ΠΜ,12540,KINHTO
ΓΕΑ,33,ΔΚΤΗΣ 115 ΠΜ,12550,KINHTO
ΓΕΑ,34,ΔΚΤΗΣ 116 ΠΜ,12560,KINHTO
ΓΕΑ,35,ΔΚΤΗΣ 117 ΠΜ,12570,KINHTO
ΓΕΑ,36,ΔΚΤΗΣ 350 ΠΚΒ,12580,KINHTO
ΓΕΑ,37,ΔΚΤΗΣ 1ου ΑΚΕ,12640,KINHTO
ΓΕΑ,38,ΔΚΤΗΣ 2ου ΑΚΕ,12600,KINHTO
ΓΕΑ,39,ΔΚΤΗΣ ΚΕΑΤ,12620,KINHTO
ΓΕΑ,40,ΔΚΤΗΣ 380 Μ. ΑΣΕΠΕ,12630,KINHTO
ΓΕΑ,41,31η ΜΕΕΔ/ΔΚΤΗΣ,12410,KINHTO - TRACK HARP
ΓΕΑ,42,31η ΜΕΕΔ/Β.Ε.Ε.,12411,KINHTO - TRACK HARP
ΓΕΑ,43,31η ΜΕΕΔ/ΟΜΑΔΑ 1,12412,KINHTO - TRACK HARP
ΓΕΑ,44,31η ΜΕΕΔ/ΟΜΑΔΑ 2,12413,KINHTO - TRACK HARP
ΓΕΑ,45,31η ΜΕΕΔ/ΟΜΑΔΑ 3,12414,KINHTO - TRACK HARP
ΓΕΑ,46,31η ΜΕΕΔ/ΟΜΑΔΑ 4,12415,KINHTO - TRACK HARP
ΓΕΑ,47,ΜΕΕΔ/ΑΞΚΟΣ ΕΠΙΧΕΙΡΗΣΕΩΝ,11985,KINHTO
ΓΕΑ,48,ΜΕΕΔ/ΔΚΤΗΣ 1ου ΣΜΗΝΟΥΣ,11986,KINHTO
ΓΕΑ,49,ΜΕΕΔ/ΔΚΤΗΣ 2ου ΣΜΗΝΟΥΣ,11987,KINHTO
ΓΕΑ,50,ΜΕΕΔ/ΔΚΤΗΣ 3ου ΣΜΗΝΟΥΣ,11988,KINHTO
ΓΕΑ,51,ΜΕΕΔ/ΟΜΑΔΑΡΧΗΣ 5ης ΕΟΔ,11989,KINHTO
ΓΕΑ,52,ΜΕΕΔ/ΟΜΑΔΑΡΧΗΣ 6ης ΕΟΔ,11990,KINHTO
ΓΕΑ,53,ΜΕΕΔ/ΟΜΑΔΑΡΧΗΣ 7ης ΕΟΔ,11991,KINHTO
ΓΕΑ,54,ΜΕΕΔ/ΟΜΑΔΑΡΧΗΣ 8ης ΕΟΔ,11992,KINHTO
ΓΕΑ,55,ΜΕΕΔ/ΟΜΑΔΑΡΧΗΣ 9ης ΕΟΔ,11993,KINHTO
ΓΕΑ,56,ΜΕΕΔ/ΟΜΑΔΑΡΧΗΣ 10ης ΕΟΔ,11994,KINHTO
ΓΕΑ,57,ΔΚΤΗΣ 130 ΣΜ,12310,KINHTO
ΓΕΑ,58,ΔΚΤΗΣ 133 ΣΜ,12320,KINHTO
ΓΕΑ,59,ΔΚΤΗΣ 135 ΣΜ,12330,KINHTO
